"ID","Lote","Categoria","Titulo","Prioridad","Estado","Problema que resuelve","Implementacion detallada","Archivos afectados","Pasos de test","Criterio de aceptacion","Dependencias","Riesgo","Esfuerzo"
"1","L1","IT1 Vida propia","HUD de vida propia","Alta","HECHO","No existia ninguna forma de saber la vida del soldado controlado. La unica pista era el viñeteo rojo al recibir un golpe o buscarse a uno mismo en la lista lateral, que muestra a los tres iguales sin distinguir cual sos.","Componente PlayerHealthView con Bind de Text y Image de tipo Filled. UpdateFrom recibe el Soldier y escribe texto y fillAmount. Se construye en el HUD anclado abajo a la derecha sobre el panel de arma, misma columna y ancho para que lean como un bloque.","UI/PlayerHealthView.cs nuevo. Editor/HeadlessTestRunner.cs construccion del panel. Player/PlayerInputDriver.cs campo publico y llamada en UpdateFps.","Entrar en Play, leer el Text del panel por Resources.FindObjectsOfTypeAll y compararlo contra Health.Current y MaxHealth del poseido. Repetir tras aplicar daño conocido.","El texto coincide exactamente con la vida real del poseido antes y despues del daño.","Ninguna","Bajo. Es un panel nuevo que no toca logica de combate.","S"
"2","L1","IT1 Vida propia","Color por nivel de vida","Alta","HECHO","Un numero solo obliga a hacer la division mental. El jugador en combate necesita saber si esta bien o mal de un vistazo sin leer.","Tres constantes de color y seleccion por umbrales sobre la fraccion de vida. Verde sobre 0.6, amarillo entre 0.25 y 0.6, rojo por debajo de 0.25. Se aplica al color del fill, no al texto, para que se lea aunque el numero quede tapado.","UI/PlayerHealthView.cs","Fijar la vida en 80, 50 y 10 mediante TakeDamage y leer fill.color en cada caso.","Los tres tramos devuelven tres colores distintos y corresponden al umbral esperado.","Punto 1","Bajo","S"
"3","L1","IT1 Vida propia","Pulso en vida critica","Media","HECHO","Un rojo fijo se vuelve parte del decorado a los pocos segundos. Justo cuando mas importa el jugador deja de verlo.","Multiplicar las componentes del color por un factor derivado de un seno de Time.unscaledTime cuando la fraccion es menor o igual a 0.25. Se usa unscaledTime a proposito para que el pulso siga vivo con el juego en pausa.","UI/PlayerHealthView.cs","Con vida bajo el 25 por ciento muestrear fill.color en dos frames separados por al menos 0.1 segundos. Repetir con vida alta.","El color varia entre muestras con vida baja y se mantiene constante con vida alta.","Punto 2","Bajo. Vigilar que no genere parpadeo molesto en pantallas de alta frecuencia.","S"
"4","L1","IT1 Vida propia","Ocultar en RTS y vehiculo","Alta","HECHO","La vida personal es informacion de puntería a pie. En vista tactica o manejando un tanque queda como un panel huerfano que ocupa lugar y contradice el resto del HUD que si se oculta.","SetActive false del panel en UpdateRts, en UpdateInVehicle y al arrancar la secuencia de muerte. SetActive true solo en UpdateFps. Sigue exactamente el mismo criterio que ya usa la mirilla.","Player/PlayerInputDriver.cs en UpdateFps, UpdateRts, UpdateInVehicle y DeathSequence","Alternar modo con ToggleMode y leer activeSelf del panel en FPS, en RTS y con el jugador sentado en el vehiculo.","Activo solo en FPS a pie y oculto en los otros tres estados.","Punto 1","Bajo","S"
"5","L1","IT2 Estado de mision","Contador de enemigos vivos","Alta","HECHO","Se peleaba a ciegas sin saber si faltaban dos enemigos o diez, y la pantalla de victoria aparecia de sorpresa sin construir tension.","MissionStatusView con un Text que se refresca por evento. Cuenta con ActorRegistry.CountAlive del equipo enemigo, que barre incluyendo inactivos para no perder a los montados en vehiculo.","UI/MissionStatusView.cs nuevo. Core/ActorRegistry.cs metodo CountAlive. Editor/HeadlessTestRunner.cs construccion del panel.","Matar N enemigos con TakeDamage y comparar el contador contra el conteo real recorriendo el registro.","El numero baja exactamente N y coincide con los vivos reales.","Punto 82","Medio. Contar por registro y no por lista cableada cambia tambien la condicion de victoria.","M"
"6","L1","IT2 Estado de mision","Contador de escuadra viva","Alta","HECHO","No habia forma de saber cuantos aliados quedaban sin recorrer el roster uno por uno, y en combate no hay tiempo para eso.","Mismo panel y mismo metodo CountAlive pero con el equipo jugador. Se muestra junto al de enemigos para que se lean como un marcador unico.","UI/MissionStatusView.cs","Matar un aliado y leer el contador. Verificar tambien que montar a un aliado en el vehiculo no lo baja.","Baja de 3 a 2 al morir uno y no cambia al montar.","Punto 83","Bajo","S"
"7","L1","IT2 Estado de mision","Visible en ambos modos","Alta","HECHO","Todo el resto del HUD se oculta al pasar a RTS. Si el marcador se ocultara tambien, el jugador perderia el estado de la partida justo en la vista donde planifica.","No enganchar su visibilidad a ninguna rama de modo. Es la unica excepcion deliberada a la regla de ocultar HUD en RTS, porque no es informacion de punteria sino el marcador de la partida.","Player/PlayerInputDriver.cs no debe tocarlo en ninguna rama","Alternar FPS y RTS leyendo activeSelf del panel en cada estado.","Permanece activo en los dos modos y dentro del vehiculo.","Punto 5","Bajo","S"
"8","L1","IT2 Estado de mision","Actualizacion por evento","Media","HECHO","Recalcular por frame significa barrer el registro sesenta veces por segundo para un numero que solo cambia cuando alguien muere. Con cincuenta unidades eso es costo puro.","Suscripcion a EntityDiedEvent en OnEnable con dispose en OnDisable, mas un Refresh inicial en Start para el estado de arranque.","UI/MissionStatusView.cs","Instrumentar Refresh con un contador y dejar correr sesenta frames sin muertes. Luego matar uno y volver a contar.","Cero recalculos sin muertes y exactamente uno por muerte.","Punto 5","Bajo","S"
"9","L1","IT3 Roster","Barra de vida por fila","Alta","HECHO","El roster solo mostraba nombre y rol. Para elegir a quien poseer con las teclas de escuadra habia que adivinar quien estaba herido o cruzarlo con el panel de abajo.","Image de tipo Filled horizontal al pie de cada fila, alimentada desde el Health del soldado en LateUpdate. Mismos umbrales de color que el panel de vida propia para que el lenguaje visual sea uno solo.","UI/SelectedSoldierUI.cs. Editor/HeadlessTestRunner.cs construccion de la barra por fila.","Dañar un soldado y leer el fillAmount de su fila.","fillAmount coincide con Current dividido MaxHealth.","Punto 84","Bajo","M"
"10","L1","IT3 Roster","Fila gris al morir","Alta","HECHO","Un soldado muerto seguia listado igual que los vivos, compitiendo por atencion y ofreciendo una opcion de posesion que iba a ser rechazada.","Al detectar que el Health no esta vivo se cambia el fondo y el color de texto a gris apagado y se reemplaza el contenido por el nombre y la palabra CAIDO. Ademas Refresh deja de pintarlo como poseido o seleccionado.","UI/SelectedSoldierUI.cs en LateUpdate y en Refresh","Matar un soldado y leer texto y colores de su fila. Verificar tambien que un evento de seleccion posterior no lo vuelve a pintar.","El texto contiene CAIDO, los colores son los de muerto y ningun evento posterior lo resalta.","Punto 9","Bajo","S"
"11","L1","IT3 Roster","Marca del poseido","Alta","HECHO","El color de fondo azul no alcanzaba para distinguir al poseido del seleccionado en amarillo, sobre todo de reojo en combate.","Prefijo grafico de flecha delante del nombre solo en la fila del soldado controlado y solo si esta vivo. El id de poseido se lee del PlayerBrain y no solo del evento.","UI/SelectedSoldierUI.cs","Poseer distintos soldados y leer el texto de cada fila en cada caso.","Solo la fila del poseido lleva la marca y cambia al poseer otro.","Punto 85","Bajo","S"
"12","L1","IT3 Roster","Arma por fila","Media","HECHO","No habia forma de saber que arma tenia cada aliado sin poseerlo primero, lo que vuelve la eleccion de a quien controlar una apuesta.","Leer WeaponHolder.CurrentWeaponKind del soldado y agregarlo al segundo renglon de la fila junto a la vida.","UI/SelectedSoldierUI.cs","Cambiar el arma de un soldado con EquipWeapon y releer su fila.","El arma mostrada coincide con la equipada.","Punto 9","Bajo","S"
"13","L1","IT4 Municion","Aviso sin municion","Alta","Pendiente","Al quedarse sin balas el disparo simplemente no sale. El jugador cree que el juego se colgo o que le fallo el click, en vez de entender que tiene que recargar.","Texto centrado bajo la mirilla que se activa cuando CurrentAmmo llega a cero y se apaga al completarse la recarga. Conviene que sea el mismo componente que el aviso de recarga para que nunca aparezcan los dos juntos.","UI/WeaponStatusView.cs o vista nueva. Combat/WeaponHolder.cs exponer el estado.","Vaciar el cargador disparando en bucle y leer el aviso. Recargar y volver a leer.","El aviso aparece al llegar a cero y desaparece al terminar la recarga.","Punto 16","Bajo","S"
"14","L1","IT4 Municion","Contador en rojo con poca municion","Media","Pendiente","El contador de municion es texto blanco fijo. El jugador no registra que se esta quedando corto hasta que ya se quedo sin balas.","Teñir el Text del contador cuando la razon entre CurrentAmmo y MagazineSize baja de 0.3. Mantener el color normal por encima del umbral.","UI/WeaponStatusView.cs","Fijar la municion en 2 de 8 y leer el color del texto. Recargar y volver a leerlo.","Color de alerta bajo el umbral y color normal por encima.","Ninguna","Bajo","S"
"15","L1","IT4 Municion","Barra de recarga legible","Media","Pendiente","La barra usa el mismo color para el enfriamiento entre disparos y para la recarga, que son dos esperas muy distintas en duracion y en consecuencia.","Usar ReadinessFraction01 que ya distingue ambos casos y aplicar un color distinto segun IsReloading. Conviene tambien engrosar la barra durante la recarga para que se note el cambio de estado.","UI/WeaponStatusView.cs","Disparar una vez y muestrear fill y color. Forzar recarga y muestrear en varios instantes hasta completarse.","La barra progresa de cero a uno durante la recarga con un color distinto al del enfriamiento.","Ninguna","Bajo","S"
"16","L1","IT4 Municion","Recarga manual","Alta","Pendiente","Hoy solo se recarga al quedarse sin balas. No se puede rellenar un cargador a medias antes de entrar en combate, que es una decision tactica basica en cualquier shooter.","Metodo Reload publico en WeaponHolder que no hace nada si ya esta recargando o si el cargador esta lleno, atado a una tecla comoda para la mano izquierda.","Combat/WeaponHolder.cs. Player/PlayerInputDriver.cs en UpdateFps.","Con cargador parcial llamar Reload y verificar IsReloading. Esperar y verificar el cargador. Llamar Reload con cargador lleno y verificar que no pasa nada.","IsReloading pasa a true, termina con el cargador lleno y la llamada redundante no reinicia la espera.","Punto 198","Bajo","S"
"17","L1","IT5 Daño recibido","Indicador de direccion del daño","Alta","Pendiente","Al recibir un disparo desde fuera de camara no hay forma de saber de donde vino. El jugador gira al azar buscando al atacante y muere mientras lo hace.","Marca en el borde de pantalla rotada segun el angulo entre la posicion del atacante y el frente del jugador. Se calcula con el AttackerId del DamageTakenEvent buscando al actor en el registro. Se desvanece en menos de un segundo.","UI nueva vista de indicador. Core/Events.cs ya expone AttackerId.","Publicar DamageTakenEvent con atacantes ubicados al frente, a la izquierda y detras, y leer la rotacion del indicador en cada caso.","El angulo del indicador corresponde a la posicion real del atacante en los tres casos.","Punto 82","Medio. Requiere resolver el atacante desde el id y contemplar que ya este muerto.","M"
"18","L1","IT5 Daño recibido","Vignette mas fuerte con poca vida","Media","Pendiente","El viñeteo tiene la misma intensidad con vida llena que al borde de morir, asi que no comunica gravedad, solo que algo paso.","Escalar el alfa pico de DamageVignetteView en funcion de la vida restante del poseido, tomandola del PlayerBrain que ya se auto sana en OnEnable.","UI/DamageVignetteView.cs","Recibir el mismo daño con vida alta y con vida baja y comparar el alfa pico alcanzado en cada caso.","El alfa pico es mayor con vida baja.","Ninguna","Bajo","S"
"19","L1","IT5 Daño recibido","Numero de daño flotante","Media","Pendiente","No hay forma de saber cuanto daño hace cada arma ni si un impacto fue mejor que otro. El jugador no puede aprender el sistema de combate.","Texto en espacio de mundo sobre el objetivo que sube y se desvanece, alimentado por el DamageTakenEvent. Debe salir de un pool desde el principio porque en combate masivo se generan muchos por segundo.","Presentation nueva vista. Requiere pool propio.","Aplicar daño de valor conocido y leer el texto generado y su expiracion.","El numero coincide con el daño aplicado y el objeto vuelve al pool.","Punto 163, punto 137","Medio. Sin pool es una fuente de basura por frame.","M"
"20","L1","IT5 Daño recibido","Distinguir recibir de dar daño","Alta","Pendiente","Hoy el mismo evento alimenta la mirilla y el viñeteo. Si no se filtra bien por rol, pegarle a alguien y recibir un tiro se sienten parecido, que es el peor error posible de feedback.","Separar por completo las dos rutas. Si el jugador es TargetId va viñeteo y sacudida. Si es AttackerId va hitmarker y sonido de confirmacion. Nunca deben compartir componente ni sonido.","UI/DamageVignetteView.cs, UI/AimUI.cs","Generar los dos casos por separado y verificar que cada uno activa solo su propio efecto.","Cada caso dispara su efecto y ninguno activa el del otro.","Punto 91","Bajo","S"
"21","L1","IT6 Minimapa","Leyenda de colores","Baja","Pendiente","El minimapa muestra puntos de colores sin explicar que significa cada uno. El jugador tiene que deducirlo por prueba y error.","Panel chico junto al minimapa con una muestra de color y su etiqueta para aliado, enemigo y vehiculo. Los colores deben leerse de las mismas constantes que usa MinimapIcon para que no se desincronicen.","UI nueva. Presentation/MinimapIcon.cs exponer las constantes.","Comparar cada color de la leyenda contra la constante usada al generar el icono correspondiente.","Los colores de la leyenda son identicos a los de los iconos reales.","Ninguna","Bajo","S"
"22","L1","IT6 Minimapa","Flecha de orientacion","Media","Pendiente","El icono del jugador es un circulo, asi que el minimapa no dice hacia donde estas mirando. En un mapa cenital esa es la mitad de la informacion util.","Reemplazar el cilindro del icono propio por una forma direccional y rotarla en LateUpdate segun el yaw del transform seguido.","Presentation/MinimapIcon.cs","Rotar al jugador a varios angulos y leer la rotacion del icono en cada uno.","La rotacion del icono sigue a la del jugador con el mismo angulo.","Ninguna","Bajo","S"
"23","L1","IT6 Minimapa","Iconos de enemigo distinguibles","Media","Pendiente","Aliado y enemigo se distinguen solo por color, lo que falla con daltonismo y tambien de reojo en un minimapa chico.","Diferenciar tambien por tamaño o forma ademas del color, de modo que la distincion sobreviva a la perdida del canal de color.","Presentation/MinimapIcon.cs","Comparar escala y color de un icono aliado y uno enemigo.","Difieren en al menos dos atributos y no solo en color.","Punto 21","Bajo","S"
"24","L1","IT6 Minimapa","Niebla simple","Media","Pendiente","El minimapa muestra todos los enemigos del mapa siempre, incluso los que la escuadra nunca vio. Eso elimina la exploracion y la sorpresa.","Activar o desactivar el icono segun si algun soldado propio vivo esta dentro de un radio de vision del enemigo. Conviene evaluarlo a intervalo y no por frame.","Presentation/MinimapIcon.cs. Core/ActorRegistry.cs para la consulta de cercania.","Alejar un enemigo mas alla del rango de toda la escuadra y leer el estado de su icono. Acercar un aliado y volver a leerlo.","El icono se desactiva fuera de rango y se reactiva al entrar.","Punto 225","Medio. Hecho por frame y por unidad es costoso a escala.","M"
"25","L1","IT7 Ordenes RTS","Marcador de destino","Alta","Pendiente","OrderMarkerFx existe y se invoca en IssueMoveOrder, pero hay que confirmar que sea realmente visible desde la altura de camara RTS y que expire solo.","Revisar tamaño y color del marcador contra la altura de camara RTS y darle una expiracion propia. Debe verse sin tapar el terreno.","Presentation/OrderMarkerFx.cs","Dar una orden y verificar que el marcador aparece en el punto ordenado y que desaparece transcurrido su tiempo.","Aparece en la posicion exacta ordenada y expira solo sin dejar objetos vivos.","Ninguna","Bajo","S"
"26","L1","IT7 Ordenes RTS","Linea al destino","Media","Pendiente","Con varios soldados en movimiento no se sabe cual va a donde. El marcador solo dice que hay un destino, no de quien es.","LineRenderer desde el soldado hasta su punto ordenado mientras el AiBrain tenga la orden activa, que se apaga al llegar o al cancelar.","Presentation nueva. Ai/AiBrain.cs exponer el destino actual.","Dar orden a un soldado y verificar que la linea existe y que sus dos extremos coinciden con soldado y destino. Cancelar y verificar que se apaga.","Los extremos coinciden y la linea desaparece al completarse o cancelarse la orden.","Punto 25","Medio. Con cincuenta unidades hay que poolear los LineRenderer.","M"
"27","L1","IT7 Ordenes RTS","Confirmacion en texto","Media","Pendiente","Al dar una orden no hay confirmacion de cuantos la recibieron. Si la seleccion no era la que el jugador creia, se entera tarde.","Mensaje breve indicando la accion y la cantidad de soldados que la recibieron, alimentado desde IssueMoveOrderForSelection que ya conoce el conjunto.","Player/OrderService.cs. UI/InstructionBannerView.cs","Ordenar a dos soldados y leer el texto mostrado.","El texto refleja la cantidad correcta de destinatarios.","Ninguna","Bajo","S"
"28","L1","IT7 Ordenes RTS","Cancelar ordenes","Media","Pendiente","Una orden dada por error no se puede deshacer. El soldado camina hasta el destino equivocado y hay que esperar a que llegue para redirigirlo.","Comando que devuelve los seleccionados a Patrol o Idle limpiando el destino y el marcador asociado.","Ai/AiBrain.cs metodo de cancelacion. Player/PlayerInputDriver.cs atajo.","Dar orden, cancelar y leer AiBrain.State y la existencia del marcador.","El estado deja de ser MovingToOrder y el marcador se limpia.","Punto 25","Bajo","S"
"29","L1","IT8 Seleccion RTS","Contador de seleccionados visible","Media","Pendiente","La cantidad de seleccionados se muestra al final de una linea larga de texto de ayuda, donde nadie la lee durante una batalla.","Elemento propio y destacado con el numero, separado del texto de atajos.","UI nueva o InstructionBannerView.cs. Player/SelectionController.cs ya expone el conteo.","Seleccionar dos soldados y leer el contador. Limpiar seleccion y volver a leerlo.","Coincide siempre con Selection.Selected.Count.","Ninguna","Bajo","S"
"30","L1","IT8 Seleccion RTS","Seleccionar toda la escuadra","Alta","Pendiente","Para mover a todos hay que arrastrar un cuadro que los abarque, lo que obliga a panear la camara hasta encuadrarlos a todos. Es el comando mas frecuente de un RTS y hoy es el mas incomodo.","Atajo que llama a la seleccion de todos los aliados vivos leidos del registro, excluyendo caidos y opcionalmente los montados.","Player/SelectionController.cs. Player/PlayerInputDriver.cs atajo.","Ejecutar el atajo con un soldado muerto y comparar el resultado contra la lista de vivos.","Selecciona exactamente los vivos y ninguno muerto.","Punto 82","Bajo","S"
"31","L1","IT8 Seleccion RTS","Seleccionar por rol","Baja","Pendiente","No hay forma de agrupar por especialidad. Para mandar solo a los medicos hay que clickearlos uno por uno.","Doble click sobre un soldado selecciona todos los del mismo RoleType visibles en pantalla, patron estandar del genero.","Player/PlayerInputDriver.cs en UpdateDragSelection. Player/SelectionController.cs","Doble click sobre un soldado de un rol y leer los seleccionados.","Todos los seleccionados comparten el rol del clickeado.","Punto 30","Bajo","M"
"32","L1","IT8 Seleccion RTS","Anillo con color por vida","Baja","Pendiente","Los anillos de seleccion son todos del mismo amarillo, asi que la seleccion no comunica el estado de la tropa seleccionada.","Teñir SelectionRingFx segun la fraccion de vida usando los mismos umbrales del resto del HUD.","Presentation/SelectionRingFx.cs, Presentation/SelectionRingManager.cs","Seleccionar un soldado herido y otro sano y comparar los colores de sus anillos.","Los colores difieren segun la vida con los umbrales estandar.","Punto 2","Bajo","S"
"33","L1","IT9 Transicion FPS RTS","Aviso del modo al cambiar","Media","Pendiente","El cambio de modo es un corte seco de proyeccion. Por un instante no queda claro que paso ni en que modo estas.","Texto breve al alternar que se desvanece solo, indicando el modo al que se entro.","UI/InstructionBannerView.cs. Player/PlayerInputDriver.cs en la rama de Tab.","Alternar modo y verificar aparicion del texto y su expiracion posterior.","Aparece al cambiar con el modo correcto y se apaga solo.","Ninguna","Bajo","S"
"34","L1","IT9 Transicion FPS RTS","Lerp de camara al cambiar","Alta","Pendiente","SetMode cambia orthographic de golpe y SetRtsView reposiciona la camara en el mismo frame. Es el corte mas brusco del juego y desorienta cada vez.","Interpolar posicion y rotacion con el mecanismo de BeginTransition que ya existe, y contemplar que el cambio de proyeccion ortografica no admite interpolacion directa, por lo que conviene cubrirlo con un efecto de pantalla.","Camera/CameraRig.cs. Player/PlayerInputDriver.cs","Alternar y leer IsTransitioning inmediatamente despues y unos frames mas tarde.","IsTransitioning es true durante la transicion y false al terminar, con la camara en la pose destino.","Punto 184","Medio. La proyeccion ortografica no interpola, hay que enmascarar el salto.","M"
"35","L1","IT9 Transicion FPS RTS","Recordar vista RTS","Media","Pendiente","Cada vez que se vuelve a RTS la camara se recentra en el soldado poseido, perdiendo el encuadre que el jugador habia armado para observar una zona.","Guardar posicion y orthographicSize al salir de RTS y restaurarlos al volver, salvo que el jugador pida recentrar explicitamente.","Camera/CameraRig.cs. Player/PlayerInputDriver.cs","Panear a una zona, pasar a FPS, volver a RTS y comparar posicion y zoom contra los guardados.","La vista vuelve al mismo punto y zoom que tenia al salir.","Punto 70","Bajo","S"
"36","L1","IT9 Transicion FPS RTS","Instrucciones por modo","Media","Pendiente","El texto de ayuda debe mostrar solo los atajos validos del estado actual. Si menciona teclas que no hacen nada en ese modo, entrena al jugador a ignorar el cartel entero.","Auditar las tres ramas que llaman a SetInstructionText y verificar que cada una liste solo atajos que realmente funcionan en ese estado.","Player/PlayerInputDriver.cs en UpdateFps, UpdateRts y UpdateInVehicle","Leer el texto en FPS, en RTS y dentro del vehiculo y contrastar cada tecla listada contra el codigo que la maneja en esa rama.","Cada modo muestra solo teclas que tienen efecto en ese modo.","Ninguna","Bajo","S"
"37","L1","IT10 Vehiculo","Aviso de asiento ocupado","Media","Pendiente","Vehicle.Mount devuelve false en silencio cuando el asiento esta tomado. El jugador aprieta la tecla, no pasa nada y no sabe por que.","Mensaje contextual cuando el intento de montar falla por asiento ocupado, diferenciandolo del caso de vehiculo destruido que ya se contempla.","Vehicles/Vehicle.cs, UI/AimUI.cs, Player/PlayerInputDriver.cs","Ocupar todos los asientos e intentar montar otro soldado, leyendo el aviso y el valor devuelto.","Aparece el aviso especifico y Mount devuelve false.","Ninguna","Bajo","S"
"38","L1","IT10 Vehiculo","Vida del vehiculo visible adentro","Alta","Pendiente","Manejando el tanque no se ve su vida. El vehiculo puede estar a un disparo de reventar con el jugador adentro y nada lo avisa.","Barra de vida del vehiculo en VehicleStatusView alimentada desde el Health del Vehicle, siempre visible mientras se este a bordo.","UI/VehicleStatusView.cs","Dañar el vehiculo con el jugador dentro y leer la barra en varios niveles de vida.","La barra refleja la vida real del vehiculo en todo momento.","Ninguna","Bajo","S"
"39","L1","IT10 Vehiculo","Velocidad legible","Media","Pendiente","El texto de velocidad cambia de cantidad de digitos constantemente y parpadea, lo que lo vuelve ilegible en movimiento.","Formato numerico fijo con unidad, redondeado de modo que no cambie de ancho al variar la velocidad.","UI/VehicleStatusView.cs","Acelerar de cero a maximo y leer el texto en varios puntos verificando el ancho del formato.","El valor sigue a CurrentSpeed sin cambiar de formato ni parpadear.","Ninguna","Bajo","S"
"40","L1","IT10 Vehiculo","Aviso al destruirse","Alta","Pendiente","OnDestroyed expulsa a todos y apaga los sistemas, pero el unico indicio visual es que el chasis se oscurece. Si estabas adentro te encontras de golpe a pie sin saber que paso.","Mensaje claro y unico al pasar IsDestroyed a true, con prioridad alta en la cola de avisos.","Vehicles/Vehicle.cs en OnDestroyed. UI vista de avisos.","Destruir el vehiculo y verificar que el aviso aparece una sola vez y no se repite en frames siguientes.","Se muestra exactamente una vez al destruirse.","Punto 216","Bajo","S"
"41","L1","IT11 Pantallas fin","Estadisticas en victoria y derrota","Media","Pendiente","La pantalla final solo dice si ganaste o perdiste. No hay ningun dato de como fue la partida, asi que no invita a mejorar ni a reintentar con otra estrategia.","Contador acumulado de bajas propias y recibidas y tiempo transcurrido, alimentado por suscripcion a EntityDiedEvent en un servicio de partida. Se muestra en las dos pantallas con el mismo formato.","Presentation/GameOutcomeController.cs. Servicio nuevo de estadisticas de partida.","Matar N enemigos, forzar victoria y comparar las estadisticas mostradas contra el conteo real acumulado.","Las bajas mostradas coinciden exactamente con las reales y el tiempo es coherente.","Punto 82","Bajo","M"
"42","L1","IT11 Pantallas fin","Distinguir victoria de derrota","Media","Pendiente","Las dos pantallas comparten estructura y botones. Si ademas comparten paleta, el jugador tarda en registrar cual de las dos le toco.","Paleta y titulo claramente distintos entre ambas manteniendo identicos los dos botones, que es lo que el jugador ya sabe usar.","Editor/HeadlessTestRunner.cs construccion de los paneles","Abrir cada pantalla y comparar colores de fondo y texto de titulo.","Difieren claramente en color principal y en texto, y coinciden en la disposicion de botones.","Ninguna","Bajo","S"
"43","L1","IT11 Pantallas fin","Foco por defecto en reintentar","Media","Pendiente","Al abrirse la pantalla ningun boton tiene foco, asi que el teclado no sirve hasta que el jugador clickea con el mouse.","Asignar EventSystem.current.SetSelectedGameObject al boton Reintentar al activar el panel, que es la accion mas probable.","Presentation/GameOutcomeController.cs en ShowVictory y ShowDefeat","Abrir la pantalla y leer el objeto seleccionado actual del EventSystem.","El seleccionado es el boton Reintentar en ambas pantallas.","Punto 44","Bajo","S"
"44","L1","IT11 Pantallas fin","Navegacion por teclado","Media","Pendiente","Los botones no tienen Navigation configurada, asi que no se puede pasar de uno a otro sin mouse.","Configurar Navigation explicita entre Reintentar y Salir en ambos paneles, evitando el modo automatico que puede saltar a elementos de otro panel.","Editor/HeadlessTestRunner.cs construccion de los botones","Simular la navegacion desde el boton enfocado y verificar el cambio de seleccion.","El foco se mueve entre los dos botones y no escapa a otros paneles.","Punto 43","Bajo","S"
"45","L1","IT12 Pausa y config","Controles en el menu de pausa","Media","Pendiente","La pausa es el momento natural para consultar los controles y hoy no los muestra, obligando a salir del juego para averiguarlos.","Panel con el listado completo de atajos dentro del menu de pausa, generado desde la misma fuente que alimenta el cartel contextual para que nunca se desincronicen.","Presentation/PauseController.cs. Editor/HeadlessTestRunner.cs BuildPauseUI.","Abrir pausa y verificar que el panel existe, esta activo y su texto no esta vacio.","El panel muestra las teclas actuales y coinciden con las realmente implementadas.","Punto 209","Bajo","M"
"46","L1","IT12 Pausa y config","Persistir configuracion","Alta","Pendiente","El volumen y la sensibilidad se pierden al recargar la escena, que es exactamente lo que pasa al usar Reintentar. El jugador tiene que reconfigurar en cada intento.","Guardar en PlayerPrefs al cambiar cada slider y releer los valores al inicializar el panel, aplicandolos a AudioListener y al LookSensitivity del driver.","Presentation/PauseController.cs","Cambiar los dos valores, recargar la escena y leer los valores efectivamente aplicados.","Los valores se conservan tras recargar y se aplican al sistema real y no solo al slider.","Ninguna","Bajo","S"
"47","L1","IT12 Pausa y config","Volver al menu desde pausa","Alta","Pendiente","Desde la pausa no hay forma de abandonar la partida. La unica salida es morir o cerrar el juego, lo que deja al jugador atrapado.","Boton que restaura timeScale a uno y carga la escena de menu, reutilizando el mismo camino que ya usa el boton Salir de la pantalla de fin.","Presentation/PauseController.cs","Usar el boton y verificar escena activa y valor de timeScale despues de la carga.","Carga el menu y timeScale vuelve a uno sin quedar el juego congelado.","Punto 48","Bajo","S"
"48","L1","IT12 Pausa y config","Confirmar antes de salir","Media","Pendiente","Abandonar la partida es irreversible y perder el progreso por un click accidental en un menu es una de las peores frustraciones posibles.","Dialogo de confirmacion previo que solo ejecuta la carga de escena tras la respuesta afirmativa.","Presentation/PauseController.cs","Pulsar salir y verificar que la escena activa no cambio. Confirmar y verificar que ahora si cambia.","Sin confirmar no hay cambio de escena y con confirmacion se ejecuta.","Punto 47","Bajo","S"
"49","L1","IT13 Onboarding","Objetivo inicial","Alta","Pendiente","La partida arranca sin decir que hay que hacer. El jugador deduce el objetivo matando cosas hasta que aparece la pantalla de victoria.","Cartel al empezar con la mision concreta, que se retira solo tras unos segundos y usa el mismo canal que el resto de avisos temporales.","Presentation/GameplaySceneBootstrap.cs. UI/PhaseBannerView.cs","Iniciar partida y leer el cartel en los primeros segundos y verificar que se retira.","Aparece al inicio con el objetivo y se retira solo sin quedar colgado.","Punto 5","Bajo","S"
"50","L1","IT13 Onboarding","Recordatorio de cambio de modo","Media","Pendiente","La mecanica central del juego es alternar entre FPS y RTS y nada se lo dice al jugador. Puede jugar la partida entera sin descubrirla.","Sugerencia que aparece las primeras veces y deja de mostrarse una vez que el jugador usa el cambio de modo, guardando ese hecho para no repetirlo.","Player/PlayerInputDriver.cs. UI/InstructionBannerView.cs","Iniciar y verificar que aparece. Usar el cambio de modo y verificar que deja de aparecer en adelante.","Deja de mostrarse permanentemente tras el primer uso.","Punto 33","Bajo","S"
"51","L1","IT13 Onboarding","Lista de controles bajo demanda","Media","Pendiente","El cartel contextual solo muestra unos pocos atajos. No hay ningun lugar donde ver la lista completa sin abrir la pausa.","Panel con todos los atajos que se abre y cierra con una tecla, sin congelar el juego, compartiendo la fuente de datos con el panel de la pausa.","UI nueva. Player/PlayerInputDriver.cs atajo.","Abrir y cerrar el panel verificando su estado y que el juego sigue corriendo.","Abre y cierra correctamente sin afectar el estado del juego.","Punto 45","Bajo","S"
"52","L1","IT13 Onboarding","Resaltar la primera accion","Baja","Pendiente","Al empezar el jugador no sabe cual es el primer paso razonable, lo que produce varios segundos de paralisis inicial.","Guiar visualmente la primera accion sugerida y apagarla en cuanto el jugador la ejecuta.","UI nueva. Presentation/GameplaySceneBootstrap.cs","Iniciar y verificar el resalte. Ejecutar la accion y verificar que se apaga y no vuelve.","Se apaga al completar la accion y no reaparece.","Punto 49","Bajo","M"
"53","L1","IT14 Legibilidad","Contorno en textos","Media","Pendiente","Los textos del HUD son blancos sin contorno. Sobre el cielo claro o sobre el terreno arenoso pierden contraste y se vuelven ilegibles justo en movimiento.","Agregar componente Outline o Shadow a los Text criticos del HUD durante la construccion, con un contorno oscuro fino.","Editor/HeadlessTestRunner.cs en la construccion de cada panel","Recorrer los Text del canvas y verificar que los criticos tienen el componente de contorno.","Todos los textos criticos del HUD tienen contorno.","Ninguna","Bajo","S"
"54","L1","IT14 Legibilidad","Tamaños consistentes","Baja","Pendiente","Los fontSize se fueron eligiendo panel por panel, asi que la jerarquia visual no corresponde a la importancia real de cada dato.","Definir tres tamaños fijos para titulo, dato principal y dato secundario y aplicarlos en toda la construccion del HUD.","Editor/HeadlessTestRunner.cs","Listar el fontSize de todos los Text del canvas y agrupar los valores distintos.","Los tamaños caen en un conjunto reducido y coherente con la jerarquia.","Punto 53","Bajo","M"
"55","L1","IT14 Legibilidad","Evitar solapamiento","Alta","Pendiente","Varios paneles se anclan al mismo rincon. WeaponStatus y VehicleStatus ya comparten posicion exacta y funcionan solo porque nunca se muestran juntos, lo que es fragil ante cualquier cambio futuro.","Auditar los rects de todos los paneles que pueden estar activos a la vez y garantizar que no se intersecten, documentando los pares mutuamente excluyentes.","Editor/HeadlessTestRunner.cs. Todas las vistas de UI.","Calcular los rects en pantalla de los paneles activos simultaneamente y buscar intersecciones en cada estado del juego.","Cero intersecciones entre paneles que pueden coexistir.","Ninguna","Medio. Requiere revisar todos los estados posibles, no solo el inicial.","M"
"56","L1","IT14 Legibilidad","Margenes consistentes","Baja","Pendiente","Cada panel usa su propio margen al borde, lo que da una sensacion de HUD desprolijo aunque cada pieza este bien.","Unificar la separacion al borde con una constante compartida usada por todos los anclajes.","Editor/HeadlessTestRunner.cs","Leer anchoredPosition de todos los paneles anclados a bordes y comparar los margenes por borde.","Los margenes son identicos para todos los paneles de un mismo borde.","Punto 55","Bajo","S"
"57","L1","IT15 Feedback disparo","Retroceso del viewmodel","Alta","Pendiente","El cubo del arma esta completamente inmovil al disparar. Sin movimiento el disparo se siente como apretar un boton, no como usar un arma.","Desplazar el viewmodel hacia atras en el eje local de profundidad al disparar y devolverlo por lerp. La magnitud debe variar por WeaponKind leida del catalogo.","Player/PlayerInputDriver.cs en UpdateWeaponViewmodel","Guardar localPosition, disparar y muestrear en frames sucesivos hasta el retorno.","Se desplaza al disparar y vuelve a la posicion original.","Ninguna","Bajo. Cuidado de no cruzar el near clip, que ya causo que el viewmodel desapareciera.","S"
"58","L1","IT15 Feedback disparo","Fogonazo en la boca","Alta","Pendiente","No hay ninguna señal en el arma al disparar. El unico indicio es el proyectil que ya salio, que a veces ni se ve.","Destello breve en la posicion del Muzzle que se apaga en pocos frames, generado desde un pool y no instanciado por disparo.","Combat/WeaponHolder.cs. Presentation nueva con pool.","Disparar y verificar que el efecto se activa y se apaga en el plazo esperado.","Dura pocos frames, se apaga solo y vuelve al pool.","Punto 137","Bajo","M"
"59","L1","IT15 Feedback disparo","Marcador de impacto en el mundo","Alta","Pendiente","Al errar un tiro no se ve donde pego, asi que no se puede corregir la punteria. El jugador no aprende de sus fallos.","ImpactFx en el punto exacto de colision del proyectil, ya existe el componente y el evento con el punto de impacto.","Presentation/ImpactFx.cs. Combat/Projectile.cs","Disparar a una superficie conocida y comparar la posicion del efecto contra el punto de impacto reportado.","Aparece en el punto correcto dentro de una tolerancia minima.","Ninguna","Bajo","S"
"60","L1","IT15 Feedback disparo","Confirmacion de baja distinta","Alta","Pendiente","Herir y matar producen la misma señal. El jugador no sabe si tiene que seguir disparando a ese enemigo o pasar al siguiente, que es la decision mas frecuente del combate.","Señal claramente separada para la baja respecto del impacto, en forma, color y sonido. Se dispara desde EntityDiedEvent filtrando por atacante propio.","UI/AimUI.cs. Presentation/GenericSfx.cs","Herir un enemigo y luego matarlo, comparando los efectos y sonidos de cada caso.","Los dos casos producen señales visual y sonoramente distintas.","Punto 162","Bajo","S"
"61","L1","IT16 Escuadra","Aviso de aliado bajo ataque","Media","Pendiente","Si atacan a un aliado que no estas controlando no te enteras hasta que muere. No hay ventana para reaccionar y ayudarlo.","Notificacion al recibir DamageTakenEvent cuyo TargetId pertenece a la escuadra y no es el poseido, con supresion para no repetir por cada bala.","Player/PlayerInputDriver.cs. UI vista de avisos.","Dañar a un aliado varias veces seguidas y verificar el aviso y que no se repite por cada impacto.","Aparece con el nombre correcto y se agrupa en vez de repetirse.","Punto 216","Bajo","M"
"62","L1","IT16 Escuadra","Aviso de aliado con poca vida","Media","Pendiente","No hay aviso previo a la muerte de un aliado. La primera noticia es que ya cayo, cuando ya no se puede hacer nada.","Alerta al cruzar hacia abajo un umbral de vida, disparada una sola vez por cruce y rearmada si el soldado se recupera.","Player/PlayerInputDriver.cs. Combat/Health.cs para el evento.","Bajar la vida de un aliado por debajo del umbral en varios golpes y contar los avisos emitidos.","Se avisa exactamente una vez por cruce del umbral.","Punto 61","Bajo","S"
"63","L1","IT16 Escuadra","Indicador de aliados fuera de pantalla","Media","Pendiente","En FPS no se sabe donde quedaron los aliados. Se pierde por completo la nocion de escuadra en cuanto salen del encuadre.","Marca en el borde de pantalla apuntando hacia cada aliado no visible, con la posicion calculada por proyeccion a la camara y recorte al borde.","UI nueva vista","Alejar un aliado del encuadre y leer la posicion y direccion de la marca. Volver a encuadrarlo y verificar que desaparece.","La marca aparece solo fuera de encuadre y apunta en la direccion correcta.","Punto 231","Medio. Con muchas unidades hay que limitar cuantas marcas se muestran.","M"
"64","L1","IT16 Escuadra","Resaltar el aliado poseible mas cercano","Baja","Pendiente","Para poseer hay que apuntar con precision a un aliado, sin ninguna pista de cual esta en rango util.","Destacar visualmente el candidato de posesion mas proximo entre los vivos, actualizado a intervalo y no por frame.","Player/PlayerInputDriver.cs. Player/AimTargeting.cs","Acercarse a un aliado y verificar el resalte, luego acercarse a otro y verificar que el resalte se traslada.","Solo el mas cercano vivo queda resaltado en cada momento.","Punto 225","Bajo","S"
"65","L1","IT17 Enemigos","Vida del enemigo al apuntar","Alta","Pendiente","Al apuntar a un enemigo el panel ya muestra datos pero conviene garantizar que la vida sea el dato mas prominente, porque decide si conviene rematar o cubrirse.","Jerarquizar la vida dentro del panel de informacion que ya existe y alimentarla del Health real del objetivo apuntado.","UI/AimUI.cs en UpdateSoldierInfo","Apuntar a un enemigo previamente herido y comparar el valor del panel contra su vida real.","El valor coincide con la vida real y es el dato mas destacado del panel.","Ninguna","Bajo","S"
"66","L1","IT17 Enemigos","Indicador de enemigo que te dispara","Alta","Pendiente","Recibir fuego de un enemigo fuera de camara no da ninguna pista de su ubicacion, lo que convierte los tiroteos a distancia en muertes sin informacion.","Marca de amenaza en el borde para atacantes fuera de encuadre, derivada del AttackerId del evento de daño y con expiracion propia.","UI nueva vista. Comparte calculo con el punto 17.","Hacer que un enemigo fuera de camara dispare al jugador y leer la direccion de la marca.","La marca aparece en la direccion real del atacante.","Punto 17","Medio","M"
"67","L1","IT17 Enemigos","Distinguir alerta de desprevenido","Media","Pendiente","AiStateChangedEvent ya se publica pero no se muestra en ninguna parte. El jugador no puede saber si un enemigo lo detecto, que es la informacion clave para decidir si atacar o rodear.","Señal visual sobre el enemigo derivada de su AiState, distinguiendo al menos patrulla de persecucion.","Presentation nueva. Ai/AiBrain.cs ya publica el evento.","Forzar el cambio de estado del enemigo y leer la señal antes y despues.","La señal cambia de forma visible al cambiar el estado.","Punto 231","Bajo","M"
"68","L1","IT17 Enemigos","Marcar el enemigo objetivo","Media","Pendiente","Con varios enemigos agrupados no queda claro a cual le vas a pegar, lo que produce disparos desperdiciados en el objetivo equivocado.","Resaltar al objetivo bajo la mira usando el resultado que AimTargeting ya calcula cada frame.","Player/PlayerInputDriver.cs en UpdateAimHighlight","Apuntar a un enemigo dentro de un grupo y verificar que solo el queda marcado.","Solo el objetivo efectivo bajo la mira queda marcado.","Ninguna","Bajo","S"
"69","L1","IT18 Camara","Limites de paneo en RTS","Alta","Pendiente","Pan suma directo a la posicion sin ningun limite. El jugador puede alejarse infinitamente del mapa y quedar mirando el vacio sin saber como volver.","Clamp de la posicion de camara a los limites del mapa, definidos desde el bootstrap de la escena y no cableados en el rig.","Camera/CameraRig.cs en Pan. Presentation/GameplaySceneBootstrap.cs","Panear al extremo en las cuatro direcciones y leer la posicion final en cada caso.","Se detiene dentro de los limites definidos en las cuatro direcciones.","Punto 70","Bajo","S"
"70","L1","IT18 Camara","Recentrar en la escuadra","Alta","Pendiente","Si la camara se pierde no hay forma rapida de volver a la accion mas que panear a mano hasta encontrar a la tropa.","Comando que calcula el centroide de los aliados vivos y lleva la camara ahi, idealmente con el mismo lerp de transicion.","Camera/CameraRig.cs. Player/PlayerInputDriver.cs atajo.","Panear lejos, ejecutar el comando y comparar la posicion final contra el centroide calculado.","La camara queda sobre el centroide de la escuadra viva.","Punto 202","Bajo","S"
"71","L1","IT18 Camara","Zoom con limites claros","Media","Pendiente","Zoom ya hace clamp entre seis y sesenta pero al llegar al tope no comunica nada, asi que el jugador sigue girando la rueda sin entender por que no pasa nada.","Mantener el clamp existente y agregar una señal al alcanzar el limite.","Camera/CameraRig.cs en Zoom","Hacer zoom mas alla del tope en ambos sentidos y leer el valor y la señal.","Se detiene en el limite y emite la señal al alcanzarlo.","Ninguna","Bajo","S"
"72","L1","IT18 Camara","Suavizado del paneo","Media","Pendiente","Pan modifica la posicion directamente cada frame, lo que produce un movimiento duro y dependiente del frame rate.","Interpolar hacia una posicion objetivo en vez de sumar directo, manteniendo la velocidad configurable.","Camera/CameraRig.cs en Pan","Aplicar un paneo de un frame y muestrear la posicion en los frames siguientes.","La posicion converge suavemente al destino en vez de saltar.","Punto 69","Bajo","S"
"73","L1","IT19 Accesibilidad","Sensibilidad separada por modo","Media","Pendiente","Un solo valor de sensibilidad gobierna mirar en primera persona y panear en vista tactica, que son gestos con escalas totalmente distintas. Ajustar uno arruina el otro.","Dos valores independientes con su propio ajuste, aplicados en la rama correspondiente.","Player/PlayerInputDriver.cs. Presentation/PauseController.cs","Cambiar uno de los dos valores y verificar que el otro no se altera y que cada uno afecta solo a su modo.","Los dos valores son independientes y afectan solo a su modo.","Punto 46","Bajo","S"
"74","L1","IT19 Accesibilidad","Tamaño de HUD ajustable","Media","Pendiente","El HUD tiene tamaño fijo, lo que lo vuelve dificil de leer en pantallas grandes a distancia o en resoluciones altas.","Escalar el CanvasScaler desde la configuracion y persistir la eleccion junto al resto de opciones.","Presentation/PauseController.cs. Editor/HeadlessTestRunner.cs canvas.","Cambiar la opcion, leer la escala del canvas y recargar la escena para verificar la persistencia.","La escala cambia y se conserva tras recargar.","Punto 46","Bajo","S"
"75","L1","IT19 Accesibilidad","Invertir eje Y","Media","Pendiente","No hay opcion de invertir el eje vertical, que es un requisito basico de accesibilidad y una preferencia muy comun entre jugadores de shooter.","Multiplicador de signo aplicado al delta de pitch antes de pasarlo a AddPitch, persistido con el resto de opciones.","Player/PlayerInputDriver.cs en UpdateFps. Presentation/PauseController.cs","Activar la opcion y comparar el signo del cambio de pitch ante el mismo movimiento de mouse.","El pitch se mueve en sentido contrario con la opcion activa.","Punto 46","Bajo","S"
"76","L1","IT19 Accesibilidad","Mirilla configurable","Baja","Pendiente","La mirilla es un punto blanco fijo. Sobre fondos claros desaparece y no hay forma de ajustarla.","Permitir elegir color y tamaño base de la mirilla, respetando esos valores como base sobre la que operan el tinte por objetivo y el destello de impacto.","UI/AimUI.cs. Presentation/PauseController.cs","Cambiar las opciones y leer color y sizeDelta base, luego apuntar a un enemigo y verificar que el tinte sigue funcionando sobre la nueva base.","Los valores aplicados coinciden con lo elegido y el tinte por objetivo sigue operando.","Punto 76 depende de que AimUI conserve el color base","Medio. AimUI cachea crosshairBaseColor al iniciar, hay que refrescarlo al cambiar la opcion.","M"
"77","L1","IT20 Pulido","Textos en español consistente","Media","Pendiente","Los textos se fueron escribiendo en distintos momentos. Conviven terminos distintos para el mismo concepto y faltan tildes en varios lugares.","Volcar todos los textos del HUD, unificar terminologia por concepto y corregir acentuacion.","Todas las vistas de UI y Editor/HeadlessTestRunner.cs","Volcar el texto de todos los Text del canvas en todos los estados y revisarlos en conjunto.","Sin faltas de ortografia y un unico termino por concepto en todo el juego.","Punto 78","Bajo","M"
"78","L1","IT20 Pulido","Sin estados de UI colgados","Alta","Pendiente","Este proyecto ya tuvo varios casos de paneles que quedaban visibles fuera de contexto, como el cuadro de seleccion al cambiar de modo a mitad de arrastre. Es un patron recurrente que merece auditoria sistematica.","Recorrer todos los flujos verificando activeSelf de cada panel al final de cada transicion de estado, y documentar que panel corresponde a que estado.","Todas las vistas de UI. Player/PlayerInputDriver.cs.","Ejecutar el flujo completo del juego y auditar el activeSelf de todos los paneles al final de cada paso.","Ningun panel queda activo fuera de su contexto en ningun flujo.","Punto 55","Medio. Requiere cubrir combinaciones y no solo el camino feliz.","L"
"79","L1","IT20 Pulido","Regresion completa","Alta","Pendiente","Probar el flujo a mano no escala y ya demostro dejar pasar fallos graves, como los botones que no funcionaban en Play mode y solo se detectaron simulando clicks reales.","Recorrido automatizado de menu, partida, pausa, fin y reintentar usando EventSystem.RaycastAll y ExecuteEvents para simular clicks verdaderos y no invocar los handlers directamente.","Editor/HeadlessTestRunner.cs o runner nuevo","Ejecutar el recorrido completo verificando en cada paso la escena activa y el estado de los paneles.","El recorrido completo pasa sin intervencion manual y detecta botones no cableados.","Punto 78","Medio","L"
"80","L1","IT20 Pulido","Suite automatizada en verde","Alta","Pendiente","La suite es la unica red de seguridad ante los fallos silenciosos tipicos de Unity, que no producen ningun error visible.","Mantener HeadlessTestRunner.RunAll sin errores tras cada cambio, limpiando la consola antes para no leer entradas obsoletas del buffer.","Editor/HeadlessTestRunner.cs","Limpiar consola, correr la suite y contar entradas de nivel error. Repetir para descartar entradas obsoletas.","Cero errores y mensaje de exito final en dos corridas consecutivas.","Ninguna","Bajo","S"
"81","L1","Bug de fondo","Victoria con enemigos vivos","Alta","HECHO","BattleManager decidia la victoria contra la lista de cuatro enemigos de patrulla cableada en la escena, pero el mapa tiene siete. Se podia ganar con tres enemigos vivos disparandole al jugador.","Reemplazar el recorrido de la lista por ActorRegistry.CountAlive de cada equipo, que refleja lo que el jugador realmente ve en pantalla.","Presentation/BattleManager.cs","Matar solo los enemigos de la sublista y verificar que la victoria no se dispara mientras queden otros vivos.","La victoria solo salta con cero enemigos vivos reales.","Punto 82","Medio. Cambia la condicion de fin de partida.","M"
"82","L1","Bug de fondo","Soldado inactivo sin registrar","Alta","HECHO","Soldier registra en Awake, pero Awake no corre en GameObjects que ya estan desactivados al cargar la escena. Un soldado guardado dentro del vehiculo quedaba fuera del registro para siempre, invisible para el sensado de la IA, la victoria y los contadores, aunque estuviera vivo.","Metodo EnsureAllRegistered que barre con FindObjectsInactive.Include, llama a Bootstrap y da de alta a cada soldado encontrado.","Core/ActorRegistry.cs","Desactivar un soldado antes de cargar la escena y verificar que aparece en el registro tras el barrido.","Todos los soldados de la escena estan registrados, activos o no.","Ninguna","Medio. El barrido es costoso, no debe llamarse por frame.","M"
"83","L1","Bug de fondo","Soldado montado fuera del conteo","Alta","HECHO","Montar a un soldado desactiva su GameObject. El contador de escuadra lo interpretaba como baja y mostraba menos aliados de los que realmente estaban vivos.","CountAlive se apoya en el registro tras EnsureAllRegistered y filtra por Health y no por estado de activacion.","Core/ActorRegistry.cs","Montar un soldado en el vehiculo y leer el contador de escuadra antes y despues.","El contador no baja al montar y solo baja al morir.","Punto 82","Bajo","S"
"84","L1","Bug de fondo","Roster no se actualizaba en Play","Alta","HECHO","La lista rows se llena con AddRow al construir la escena en el editor, pero es una lista de objetos C comunes que no sobrevive al domain reload. Quedaba vacia en Play, asi que ni el resaltado de posesion que ya existia funcionaba en el juego real. Se veia bien solo en la escena de editor.","Reconstruccion en OnEnable recorriendo los hijos con prefijo de fila y volviendo a atar cada uno a su soldado por nombre contra el registro.","UI/SelectedSoldierUI.cs","Entrar en Play y verificar que las filas reflejan datos vivos y cambian al dañar o matar soldados.","Las filas se actualizan correctamente en Play mode.","Punto 82","Medio. El emparejamiento por nombre exige nombres unicos.","M"
"85","L1","Bug de fondo","Poseido inicial sin marcar","Alta","HECHO","PossessionChangedEvent solo se publica al cambiar de soldado, nunca en la posesion inicial del arranque. Al empezar la partida ninguna fila aparecia marcada como el soldado propio hasta poseer a otro.","Leer el id del poseido desde el PlayerBrain en LateUpdate y refrescar cuando difiere del cacheado, en vez de depender solo del evento.","UI/SelectedSoldierUI.cs","Iniciar partida y leer la marca del roster sin cambiar de soldado.","El poseido inicial aparece marcado desde el primer frame.","Punto 84","Bajo","S"
"86","L2","Disparo","Retroceso de camara","Alta","Pendiente","La camara queda perfectamente inmovil al disparar. Sin culatazo el arma no transmite potencia y todas las armas se sienten iguales sin importar su daño.","Sumar un impulso de pitch en CameraRig al disparar que decae por lerp. La magnitud sale del WeaponKind para que Heavy patee notoriamente mas que Pistol. Conviene que el retorno no sea exacto al origen para que el disparo sostenido derive hacia arriba.","Camera/CameraRig.cs. Combat/WeaponHolder.cs para notificar el disparo. Player/PlayerInputDriver.cs.","Guardar el pitch, disparar y muestrear en frames sucesivos. Repetir con las tres armas y comparar la magnitud del pico.","El pitch sube al disparar y vuelve en menos de 0.3 segundos, con picos distintos por arma.","Punto 57","Bajo","M"
"87","L2","Disparo","Dispersion visible de la mirilla","Alta","Pendiente","La mirilla tiene tamaño fijo, asi que no comunica la precision real del arma. El jugador no puede saber si conviene disparar en rafaga o esperar a estabilizarse.","Acumular dispersion al disparar y al moverse y decaerla al estar quieto, reflejandola en el sizeDelta de la mirilla. La dispersion mostrada debe corresponder a la dispersion real aplicada al proyectil, o el indicador miente.","UI/AimUI.cs. Combat/WeaponHolder.cs para la dispersion real.","Leer sizeDelta tras cinco disparos seguidos y tras dos segundos quieto. Verificar que la desviacion real de los proyectiles corresponde al tamaño mostrado.","El tamaño crece al disparar, vuelve al minimo en reposo y corresponde a la dispersion real.","Punto 86","Medio. Si la dispersion visual no coincide con la real el indicador es peor que no tenerlo.","M"
"88","L2","Disparo","Audio distinto por arma","Media","Pendiente","GenericSfx genera un unico tono de disparo para las tres armas. Cambiar de arma no cambia nada audible, que es la mitad de la sensacion de cambiar de arma.","Parametrizar frecuencia, duracion y decay por WeaponKind en el generador, cacheando un clip por arma como ya se hace por SfxKind.","Presentation/GenericSfx.cs","Pedir el clip de cada arma y comparar longitud de muestras y frecuencia dominante.","Cada arma devuelve un clip audiblemente distinto.","Ninguna","Bajo","S"
"89","L2","Disparo","Sonido de gatillo vacio","Media","Pendiente","Con el cargador vacio el disparo no produce nada. El silencio total se lee como que el juego no registro el click.","Clip corto y seco reproducido cuando se intenta disparar con municion en cero, con supresion para que mantener el boton no lo repita sesenta veces por segundo.","Combat/WeaponHolder.cs. Presentation/GenericSfx.cs","Vaciar el cargador, disparar y verificar el clip reproducido y que mantener el boton no lo repite por frame.","TryFire devuelve false, suena un clip distinto al de disparo y no se repite por frame.","Punto 13","Bajo","S"
"90","L2","Disparo","Cadencia sostenida","Alta","Pendiente","El disparo usa wasPressedThisFrame, asi que hay que clickear una vez por bala. Eso hace imposible cualquier sensacion de combate frenetico.","Usar isPressed para las armas que deban ser automaticas, dejando el fireCooldown como unico limitante de la cadencia. Conviene que el catalogo defina que armas son automaticas.","Player/PlayerInputDriver.cs en UpdateFps. Combat/WeaponCatalog.","Mantener el boton un segundo simulado y contar los proyectiles creados, comparando contra el segundo dividido el fireCooldown.","La cantidad de proyectiles corresponde al cooldown del arma.","Punto 229","Medio. Multiplica el consumo del pool de proyectiles.","S"
"91","L2","Disparo","Hitmarker direccional","Alta","Pendiente","Hoy el impacto solo tiñe la mirilla, que es un cambio sutil y facil de perder en combate. Falta la confirmacion inequivoca de haber acertado.","Cuatro lineas en X alrededor de la mirilla que aparecen solo al impactar a un enemigo y se apagan rapido, distintas del tinte por objetivo que ya existe.","UI/AimUI.cs","Publicar DamageTakenEvent con AttackerId propio y leer el estado del hitmarker en el momento y tras la expiracion.","Se activa al impactar y se apaga a los 0.2 segundos.","Punto 20","Bajo","S"
"92","L2","Disparo","Confirmacion sonora de baja","Alta","Pendiente","Matar suena igual que herir. El jugador no recibe recompensa audible por completar el objetivo mas basico del juego.","Tono agudo adicional cuando el EntityDiedEvent corresponde a un enemigo cuyo ultimo atacante fue el jugador, superpuesto al sonido de muerte existente.","Presentation/GenericSfx.cs. Combat/Health.cs para conservar el ultimo atacante.","Matar un enemigo con AttackerId propio y verificar los clips reproducidos. Matar con un aliado y verificar que el tono no suena.","Suena el clip de muerte mas el tono de confirmacion solo en bajas propias.","Punto 60","Bajo","S"
"93","L2","Disparo","Trazadora del proyectil","Media","Pendiente","El proyectil es un objeto chico moviendose rapido, practicamente invisible. No se puede leer la trayectoria ni entender por que se erro.","Estirar el proyectil en su eje de avance mientras vuela y devolverlo a escala normal al volver al pool, para que la escala no persista entre reutilizaciones.","Combat/Projectile.cs","Comparar localScale del proyectil en vuelo contra el estado en reposo dentro del pool.","La escala en vuelo es mayor y se restaura al volver al pool.","Punto 229","Bajo. Cuidado de restaurar la escala al reciclar o los proyectiles saldran deformados.","S"
"94","L2","Disparo","Impacto segun material","Media","Pendiente","EnvironmentHitEvent ya distingue vehiculo, obstaculo y suelo, pero esa informacion solo tiñe la mirilla. El mundo no reacciona distinto segun contra que pegaste.","Efecto de impacto distinto por EnvironmentHitKind en color y particula, servido desde un pool unico con presupuesto compartido.","Presentation/ImpactFx.cs. Combat/Projectile.cs","Disparar a suelo, obstaculo y vehiculo y comparar el efecto generado en cada caso.","Los tres casos generan efectos visualmente distintos.","Punto 137","Bajo","M"
"95","L2","Disparo","Reaccion del cuerpo al daño","Media","Pendiente","Un soldado alcanzado no muestra ninguna reaccion. En vista RTS es imposible saber quien esta recibiendo fuego.","Empujon corto de rotacion o posicion al recibir daño, que vuelve solo. Debe ser barato porque a escala puede haber decenas por segundo.","Actors/Soldier.cs o SoldierMotor.cs","Guardar rotacion, aplicar daño y muestrear en frames siguientes hasta el retorno.","Se desvia visiblemente y vuelve a la rotacion original.","Punto 164","Bajo","S"
"96","L2","Disparo","Aviso central de recarga","Media","Pendiente","La recarga solo se indica en el panel lateral, fuera del punto donde el jugador tiene la vista fija durante el combate.","Texto breve bajo la mirilla mientras IsReloading, compartiendo componente con el aviso de sin municion para que nunca se solapen.","UI/AimUI.cs o vista nueva","Forzar recarga y leer el estado del texto durante y despues. Verificar que no coexiste con el aviso de sin municion.","Visible durante la recarga, apagado al terminar y nunca simultaneo con el otro aviso.","Punto 13","Bajo","S"
"97","L2","Vehiculo","Inercia de camara","Alta","Pendiente","La camara del vehiculo esta rigidamente pegada al ancla. El tanque se siente sin masa, como una camara que flota en vez de un vehiculo de varias toneladas.","Desplazar el ancla de camara en sentido contrario a la aceleracion, proporcional a la variacion de CurrentSpeed, con retorno suave.","Camera/CameraRig.cs. Player/PlayerInputDriver.cs en UpdateVehicleCamera.","Comparar el offset de camara a velocidad cero, acelerando y frenando.","El offset difiere claramente entre acelerar, frenar y velocidad constante.","Punto 98","Bajo","M"
"98","L2","Vehiculo","Sacudida al andar","Alta","Pendiente","VehicleMotor mueve el transform con matematica pura sin fisica, asi que el desplazamiento es perfectamente liso. Conducir se siente como deslizarse sobre hielo.","Vibracion de camara proporcional a CurrentSpeed, sumada al presupuesto global de sacudida para que no se acumule con explosiones.","Camera/CameraRig.cs. Player/PlayerInputDriver.cs","Muestrear la posicion de camara treinta frames en movimiento y treinta detenido y comparar la varianza.","La varianza es mayor en movimiento y crece con la velocidad.","Punto 180","Bajo","M"
"99","L2","Vehiculo","Sonido de motor por velocidad","Alta","Pendiente","El vehiculo es completamente mudo. No hay ninguna realimentacion sonora de que estas conduciendo ni de a que velocidad vas.","AudioSource en bucle cuyo pitch y volumen siguen la razon entre CurrentSpeed y MaxSpeed, con un piso audible en ralenti.","Vehicles/VehicleMotor.cs o componente nuevo. Presentation/GenericSfx.cs","Leer pitch y volumen del AudioSource a velocidad cero, media y maxima.","El pitch sube monotonamente con la velocidad y hay sonido en ralenti.","Punto 186","Bajo","M"
"100","L2","Vehiculo","Marcha atras distinguible","Media","Pendiente","CurrentSpeed negativo se maneja igual que positivo en todo el feedback. No hay forma de saber que estas yendo marcha atras salvo mirar el paisaje.","Indicador dedicado cuando la velocidad es negativa mas un tono de motor mas grave, aprovechando que el motor ya limita la marcha atras a la mitad de la velocidad.","UI/VehicleStatusView.cs. Componente de audio del motor.","Aplicar throttle negativo y leer el indicador y el pitch del motor.","El indicador aparece solo con velocidad negativa y el tono baja.","Punto 99","Bajo","S"
"101","L2","Vehiculo","Feedback de frenado","Media","Pendiente","Brake reduce la velocidad pero no comunica absolutamente nada. El jugador no distingue frenar de simplemente soltar el acelerador.","Señal visual mientras se frena mas una desaceleracion perceptible en la inercia de camara, que ya distingue frenar de acelerar.","UI/VehicleStatusView.cs. Camera/CameraRig.cs","Llamar Brake y verificar el indicador y el desplazamiento de camara respecto de soltar el acelerador.","El indicador se activa al frenar y se distingue de soltar el acelerador.","Punto 97","Bajo","S"
"102","L2","Vehiculo","Aviso de colision","Media","Pendiente","VehicleMotor suma la posicion directamente sin fisica ni deteccion, asi que el tanque atraviesa o empuja sin ninguna consecuencia audible ni visual.","Deteccion de choque contra obstaculos que dispare sacudida y sonido y frene parcialmente la velocidad, sin necesidad de fisica completa.","Vehicles/VehicleMotor.cs","Mover el vehiculo contra un obstaculo y verificar el evento, la sacudida y la reduccion de velocidad.","Se dispara el efecto de choque y la velocidad se reduce.","Punto 180","Medio. Agregar deteccion cambia el comportamiento de conduccion existente.","M"
"103","L2","Vehiculo","Entrada al vehiculo mas legible","Media","Pendiente","BeginTransition ya suaviza el movimiento de camara pero el cambio de contexto sigue siendo abrupto, sobre todo porque cambia todo el HUD a la vez.","Fundido breve mas texto de estado que cubran la transicion, sincronizados con la duracion real de BeginTransition.","Player/PlayerInputDriver.cs en EnterPossessedVehicleSeat","Montar y verificar que la duracion de la transicion coincide con la declarada y que el texto se apaga solo.","La transicion dura lo declarado y el texto expira sin quedar colgado.","Punto 78","Bajo","S"
"104","L2","Vehiculo","Bajar del lado correcto","Alta","Pendiente","Dismount reposiciona a todos los ocupantes con la misma regla, asi que al bajar varios quedan superpuestos o dentro del chasis, que ademas los deja atrapados.","Calcular un punto de salida por asiento, desplazado al costado correspondiente del chasis y validado para no quedar dentro de geometria.","Vehicles/Vehicle.cs en Dismount","Montar cuatro soldados, desmontar todos y comparar las cuatro posiciones resultantes y su distancia al centro del chasis.","Cuatro posiciones distintas y ninguna dentro del chasis.","Ninguna","Medio. Afecta tambien al desmontaje automatico por destruccion del vehiculo.","M"
"105","L2","Vehiculo","Indicador de asiento propio","Media","Pendiente","El rol se deduce del texto de controles, que es largo y cambia. No hay un indicador estable de en que asiento estas.","Elemento fijo en el HUD del vehiculo que muestra el asiento actual, actualizado desde currentSeat.","UI/VehicleStatusView.cs. Player/PlayerInputDriver.cs","Cambiar de asiento con SwitchSeat y leer el indicador antes y despues.","El indicador refleja siempre el asiento real.","Ninguna","Bajo","S"
"106","L2","Vehiculo","Cambio de asiento con transicion","Media","Pendiente","SwitchSeat cambia el ancla de camara de un frame al otro. Pasar de conductor a artillero es un salto instantaneo y desorientador.","Aplicar BeginTransition entre el ancla vieja y la nueva, igual que ya se hace al montar.","Player/PlayerInputDriver.cs en SwitchSeat","Cambiar de asiento y leer IsTransitioning inmediatamente despues y tras la duracion.","IsTransitioning es true tras el cambio y la camara llega al ancla correcta.","Punto 103","Bajo","S"
"107","L2","Vehiculo","Daño de vehiculo distinto al personal","Media","Pendiente","Dentro del tanque el daño al vehiculo usaria el mismo viñeteo que el daño al soldado, lo que confunde estar blindado con estar herido.","Efecto propio de impacto en blindaje, distinto del viñeteo personal, activo solo mientras se este a bordo.","UI/DamageVignetteView.cs. UI/VehicleStatusView.cs","Dañar el vehiculo con el jugador dentro y verificar cual efecto se activo. Repetir dañando al soldado a pie.","Cada caso usa su propio efecto sin solaparse.","Punto 20","Bajo","M"
"108","L2","Vehiculo","Humo progresivo por vida","Media","Pendiente","La unica señal de que el tanque esta por reventar es la barra de vida, que exige mirar el HUD justo cuando hay que mirar el campo.","Efecto de humo cuya intensidad escala con la vida faltante, servido desde el presupuesto global de efectos.","Vehicles/Vehicle.cs. Presentation nueva con pool.","Bajar la vida por tramos y leer la intensidad del efecto en cada tramo.","La intensidad sube monotonamente al bajar la vida.","Punto 234","Bajo","M"
"109","L2","Torreta","Reticulo propio de torreta","Alta","Pendiente","Como artillero se usa la misma mirilla de infanteria, que no comunica lo unico que importa en una torreta que gira lento: si el cañon ya llego a donde apuntas.","Reticulo propio con dos estados alimentados por IsAimedAt, que ya existe y se usa para el auto apuntado.","UI/AimUI.cs o vista nueva. Vehicles/TurretWeapon.cs","Apuntar lejos y cerca del blanco y leer el estado del reticulo en cada caso.","Muestra dos estados claramente distintos segun IsAimedAt.","Punto 110","Bajo","M"
"110","L2","Torreta","Mostrar el giro pendiente","Media","Pendiente","El cañon gira a cincuenta grados por segundo, asi que hay un retraso notable entre donde apuntas y donde esta el cañon, sin ninguna representacion visual de esa diferencia.","Marca del angulo objetivo separada de la del cañon actual, para que se vea la brecha cerrarse durante el giro.","UI/AimUI.cs. Vehicles/TurretWeapon.cs","Pedir un angulo lejano y comparar la marca objetivo contra la orientacion del cañon durante el giro y al terminar.","Difieren durante la rotacion y coinciden al completarse.","Punto 109","Bajo","M"
"111","L2","Torreta","Cooldown de torreta visible","Media","Pendiente","El cooldown de medio segundo no tiene indicador. El jugador aprieta y no pasa nada sin saber cuanto falta.","Barra o arco de recarga alimentado por el cooldownTimer de TurretWeapon, expuesto como fraccion igual que hace WeaponHolder.","Vehicles/TurretWeapon.cs. UI/VehicleStatusView.cs","Disparar y muestrear el llenado a 0.1 y a 0.6 segundos.","El llenado progresa de cero a uno en el tiempo del cooldown.","Ninguna","Bajo","S"
"112","L2","Torreta","Previsualizacion del radio de explosion","Alta","Pendiente","El proyectil de torreta tiene radio de explosion de tres unidades pero nada lo muestra. El jugador no puede aprovechar el area ni evitar dañar a los suyos.","Circulo en el suelo en el punto apuntado con el explosionRadius real leido del arma, no un valor duplicado.","Vehicles/TurretWeapon.cs. Presentation nueva.","Comparar el radio dibujado contra el campo explosionRadius del TurretWeapon.","Coinciden exactamente y el circulo sigue al punto apuntado.","Punto 141","Bajo","M"
"113","L2","Torreta","Retroceso y fogonazo del cañon","Alta","Pendiente","El disparo mas potente del juego no mueve nada. El cañon queda estatico, lo que lo hace sentir menos poderoso que un rifle.","Hundir el cañon en su eje local al disparar y devolverlo por lerp, mas un destello en la boca.","Vehicles/TurretWeapon.cs en TryFire","Medir la posicion local del cañon antes, durante y despues del disparo.","Se hunde y vuelve al valor original.","Punto 152","Bajo","S"
"114","L2","Torreta","Aviso de que la IA tomo la torreta","Media","Pendiente","TurretAI cede el control cuando hay artillero humano y lo retoma al bajarse, pero ese traspaso es invisible. El jugador ve la torreta moverse sola sin saber por que.","Aviso al traspasar el control en cualquiera de los dos sentidos, disparado desde la deteccion de Gunner de TurretAI.","Vehicles/TurretAI.cs. UI vista de avisos.","Desmontar al artillero y verificar el aviso y que TurretAI vuelve a apuntar. Volver a montar y verificar el aviso inverso.","Aparece el aviso en ambos sentidos y el control cambia efectivamente.","Punto 216","Bajo","S"
"115","L2","Ordenes","Cola de ordenes","Alta","Pendiente","IssueMoveOrder reemplaza el destino anterior, asi que no se pueden planificar rutas. Cada orden borra la anterior.","Cola de destinos en AiBrain que se consume en orden, con la orden simple limpiando la cola y la orden con modificador encolando.","Ai/AiBrain.cs. Player/OrderService.cs. Player/PlayerInputDriver.cs.","Dar tres ordenes encoladas y leer los puntos guardados y el orden en que se recorren.","Guarda tres puntos y los recorre en el orden dado.","Punto 200","Medio. Cambia el modelo de ordenes que hoy asume un unico destino.","M"
"116","L2","Ordenes","Marcadores numerados","Media","Pendiente","Con varias ordenes encoladas los marcadores son indistinguibles, asi que no se puede leer la secuencia planificada.","Numerar los marcadores segun su posicion en la cola y renumerarlos al consumirse cada tramo.","Presentation/OrderMarkerFx.cs","Encolar tres ordenes y leer los numeros de los marcadores. Consumir una y verificar la renumeracion.","Los marcadores muestran la secuencia correcta y se renumeran al avanzar.","Punto 115","Bajo","S"
"117","L2","Ordenes","Formacion al mover el grupo","Alta","Pendiente","IssueMoveOrderForSelection manda a todos exactamente al mismo punto. Los soldados terminan superpuestos en una sola coordenada, que ademas se ve mal y es tacticamente absurdo.","Repartir destinos alrededor del punto ordenado segun la cantidad de seleccionados, con una separacion minima configurable.","Player/OrderService.cs en IssueMoveOrderForSelection","Ordenar mover tres soldados a un punto y comparar los tres destinos asignados y la distancia entre ellos.","Tres destinos distintos con al menos la separacion minima.","Punto 228","Medio. Sin evitacion entre unidades igual pueden atravesarse en el camino.","M"
"118","L2","Ordenes","Previsualizacion de formacion","Media","Pendiente","El jugador no ve donde va a quedar cada soldado hasta despues de dar la orden, cuando ya no puede corregirla.","Marcadores fantasma mostrados mientras se mantiene el boton, confirmados al soltar y descartados al cancelar.","Player/PlayerInputDriver.cs. Presentation/OrderMarkerFx.cs","Simular el boton mantenido y verificar los marcadores fantasma antes de soltar y su confirmacion al soltar.","Aparecen antes de soltar y se confirman o descartan correctamente.","Punto 117","Bajo","M"
"119","L2","Ordenes","Orden de ataque con click derecho","Alta","Pendiente","IssueAttackOrder existe y funciona pero no esta cableada a ninguna entrada en RTS. Es una capacidad implementada que el jugador no puede usar.","Detectar en la rama RTS que el objetivo bajo el cursor es un enemigo y emitir orden de ataque en vez de orden de movimiento.","Player/PlayerInputDriver.cs en UpdateRts. Player/OrderService.cs.","Click derecho sobre un enemigo y leer AiBrain.State del seleccionado.","El estado pasa a MovingToAttackOrder y el soldado persigue al enemigo.","Ninguna","Bajo","S"
"120","L2","Ordenes","Estado de cada soldado en RTS","Media","Pendiente","AiStateChangedEvent se publica en cada cambio pero nadie lo consume visualmente. El jugador no sabe si un soldado esta patrullando, persiguiendo o cumpliendo una orden.","Indicador sobre cada soldado alimentado por el evento, con LOD por distancia para que no cueste a escala.","Presentation nueva. Ai/AiBrain.cs ya publica el evento.","Forzar cambios de estado y leer el indicador en cada uno.","El indicador refleja el estado actual de cada soldado.","Punto 231","Medio. Con cincuenta unidades hace falta LOD y pooling.","M"
"121","L2","Ordenes","Cancelar ordenes de la seleccion","Media","Pendiente","Una vez dada la orden el soldado la ejecuta hasta el final. No hay forma de detenerlo si la situacion cambio.","Comando que limpia la cola y devuelve al estado de patrulla o reposo, limpiando tambien los marcadores asociados.","Ai/AiBrain.cs. Player/PlayerInputDriver.cs.","Dar orden, cancelar y leer estado, cola y marcadores.","El estado vuelve, la cola queda vacia y los marcadores desaparecen.","Punto 115","Bajo","S"
"122","L2","Ordenes","Sonido de orden una vez por lote","Alta","Pendiente","IssueMoveOrder dispara el sonido de orden por cada soldado. Con tres seleccionados suenan tres veces superpuestas, y con cincuenta seria un estruendo. Es un defecto que ya esta en el codigo.","Mover la reproduccion del sonido de IssueMoveOrder individual a IssueMoveOrderForSelection, que conoce el lote completo.","Player/OrderService.cs","Ordenar a tres soldados y contar las reproducciones del clip de orden.","Se reproduce exactamente una vez por lote sin importar la cantidad.","Punto 189","Bajo","S"
"123","L2","Ordenes","Confirmacion por soldado","Media","Pendiente","El sonido unico por lote no dice quienes recibieron la orden. Si la seleccion no era la esperada el jugador no se entera.","Destello breve en el anillo de seleccion de cada soldado que recibio la orden, reutilizando los anillos ya existentes.","Presentation/SelectionRingFx.cs. Player/OrderService.cs.","Ordenar a tres y verificar el destello en los tres anillos correspondientes.","Los anillos de los destinatarios destellan y ningun otro.","Punto 122","Bajo","S"
"124","L2","Ordenes","Grupos de control","Alta","Pendiente","No hay forma de guardar una seleccion. Reagrupar las mismas unidades exige rehacer el arrastre cada vez, que es el gesto mas repetido de un RTS.","Diccionario de grupos por tecla numerica, guardando ids y no referencias para tolerar bajas, con asignacion por modificador y recuperacion directa.","Player/SelectionController.cs. Player/PlayerInputDriver.cs.","Guardar un grupo, cambiar la seleccion, recuperarlo y comparar los ids. Matar a un integrante y recuperar de nuevo.","Los ids recuperados son los guardados excluyendo a los caidos.","Punto 204","Bajo","M"
"125","L2","Ordenes","Centrar camara en el grupo","Media","Pendiente","Recuperar un grupo lo selecciona pero no lleva la vista hasta el, asi que hay que panear a mano para verlo.","Detectar la doble pulsacion de la misma tecla de grupo y centrar la camara en el centroide del grupo.","Player/PlayerInputDriver.cs. Camera/CameraRig.cs.","Medir la posicion de camara tras la primera y la segunda pulsacion.","La primera solo selecciona y la segunda centra la vista en el grupo.","Punto 124, punto 70","Bajo","S"
"126","L2","Ordenes","Feedback de orden invalida","Media","Pendiente","Ordenar sobre un obstaculo o sobre un vehiculo destruido no hace nada y no avisa. El jugador cree que la orden se dio.","Validar el destino antes de emitir y responder con un aviso y un sonido de rechazo cuando no es valido.","Player/OrderService.cs. Player/PlayerInputDriver.cs.","Ordenar sobre un obstaculo y sobre un vehiculo destruido y verificar el aviso y que no se emitio la orden.","Aparece el rechazo y el estado del soldado no cambia.","Punto 216","Bajo","S"
"127","L2","Posesion","Transicion al poseer","Alta","Pendiente","PossessSquadIndex cambia la camara de golpe. La secuencia de muerte ya usa BeginTransition y se siente mucho mejor, lo que muestra la diferencia.","Aplicar BeginTransition hacia el EyeAnchor del nuevo soldado, igual que ya hace DeathSequence al pasar al aliado mas cercano.","Player/PlayerInputDriver.cs en PossessSquadIndex y en la rama de posesion por punteria","Poseer y leer IsTransitioning inmediatamente despues y tras la duracion.","IsTransitioning es true tras poseer y la camara llega al ancla correcta.","Punto 34","Bajo","S"
"128","L2","Posesion","Aviso de a quien pasaste","Media","Pendiente","Tras poseer no se confirma a quien. Con tres soldados de nombres parecidos es facil perder la cuenta de a quien estas controlando.","Texto breve con el nombre del nuevo soldado, alimentado por el PossessionChangedEvent que ya se publica en Swap.","UI/InstructionBannerView.cs. Player/PossessionService.cs.","Poseer y leer el texto mostrado y su expiracion.","Muestra el nombre correcto y se apaga solo.","Punto 11","Bajo","S"
"129","L2","Posesion","Bloquear posesion de un caido con motivo","Media","Pendiente","El intento de poseer a un caido se rechaza pero conviene que explique el motivo, en vez de parecer que la tecla no funciono.","Mensaje explicito de rechazo al intentar poseer a un soldado sin vida, distinto de la ausencia total de respuesta.","Player/PlayerInputDriver.cs en PossessSquadIndex","Matar un soldado, intentar poseerlo y leer el mensaje y el poseido actual.","Aparece el mensaje y el poseido no cambia.","Punto 10","Bajo","S"
"130","L2","Posesion","Poseer al mas cercano","Media","Pendiente","Poseer exige recordar el numero de cada soldado o apuntarle con precision. Ninguna de las dos cosas es viable bajo fuego.","Comando que posee al aliado vivo mas cercano usando la consulta de cercania del registro.","Player/PlayerInputDriver.cs. Core/ActorRegistry.cs.","Ejecutar el comando y comparar el poseido resultante contra el aliado vivo de menor distancia.","Se posee siempre el mas cercano vivo.","Punto 64","Bajo","S"
"131","L2","Posesion","Ciclar entre vivos","Alta","Pendiente","Las teclas por indice fallan cuando ese soldado murio, y ademas obligan a soltar la mano de la posicion de movimiento.","Ciclo ordenado que salta a los caidos, con teclas contiguas a la mano izquierda.","Player/PlayerInputDriver.cs","Con uno de tres muerto, ciclar tres veces y registrar los soldados poseidos en cada paso.","Nunca cae en el muerto y recorre a los vivos en orden estable.","Punto 199","Bajo","S"
"132","L2","Posesion","Conservar orientacion al cambiar","Media","Pendiente","El pitch de camara es estado del rig y no del soldado, asi que al poseer se hereda el angulo vertical del soldado anterior. Podes aparecer mirando al piso sin motivo.","Resetear o ajustar el pitch al poseer para que corresponda a la orientacion del nuevo soldado, usando el ResetPitch que ya existe.","Camera/CameraRig.cs. Player/PlayerInputDriver.cs.","Poseer con un pitch extremo previo y comparar el pitch resultante contra la orientacion del nuevo soldado.","El pitch corresponde al soldado nuevo y no al anterior.","Punto 127","Bajo","S"
"133","L2","Posesion","Marcador del poseido en el mundo","Media","Pendiente","En vista RTS el roster marca al poseido pero el mundo no. Con la tropa dispersa hay que cruzar el nombre del roster con el mapa para ubicarlo.","Marcador sobre la cabeza del poseido que lo sigue al cambiar, visible principalmente en RTS.","Presentation nueva. Player/PossessionService.cs.","Cambiar de poseido varias veces y verificar que el marcador siempre esta sobre el actual.","El marcador esta siempre sobre el poseido y solo sobre el.","Punto 11","Bajo","S"
"134","L2","Posesion","Aviso de devolucion a la IA","Media","Pendiente","Al cambiar de soldado el anterior recupera su AiBrain y empieza a actuar solo, sin ningun aviso. El jugador ve moverse a un soldado que creia bajo su control.","Aviso al devolver el control a la IA, coordinado con el flag IsPossessedByPlayer que ya se maneja.","Player/PossessionService.cs. Ai/AiBrain.cs.","Cambiar de soldado y verificar el aviso y el valor del flag en el soldado abandonado.","Aparece el aviso y el flag queda en false.","Punto 128","Bajo","S"
"135","L2","Posesion","Vista previa antes de poseer","Media","Pendiente","El panel al apuntar a un aliado muestra vida, arma y rol pero no su estado de IA, que es lo que determina si conviene tomar el control ahora o dejarlo pelear.","Agregar el AiState al panel de informacion de aliado que ya existe.","UI/AimUI.cs en UpdateSoldierInfo. Ai/AiBrain.cs.","Apuntar a un aliado en combate y a otro en patrulla y comparar el panel.","El panel incluye el estado de IA y refleja el real.","Punto 67","Bajo","S"
"136","L3","Destruccion","Obstaculos destructibles por etapas","Alta","Pendiente","Los obstaculos son inmortales. Disparar contra la cobertura no produce ningun cambio, asi que el escenario es decorado y no un elemento tactico.","Dar Health al ObstacleMarker y definir umbrales que cambien el aspecto en etapas hasta el colapso final, que libera escombros del pool compartido.","Presentation/ObstacleMarker.cs. Combat/Health.cs.","Aplicar daño por tramos leyendo el estado visual en cada umbral hasta destruirlo.","Cambia de etapa en cada umbral y colapsa al llegar a cero.","Punto 137","Medio. Cambia la navegacion si la cobertura desaparece.","L"
"137","L3","Destruccion","Pool de escombros compartido","Alta","Pendiente","No existe ningun sistema de escombros. Si se agrega instanciando por evento, el combate masivo genera basura sin control y el recolector produce tirones.","DebrisPool global con presupuesto fijo que recicla las piezas mas viejas cuando se agota, siguiendo el mismo patron de ObjectPool que ya usa ProjectilePool.","Presentation/DebrisPool.cs nuevo. Core/ObjectPool.","Generar mas escombros que el presupuesto y contar objetos activos y creaciones ocurridas.","Nunca supera el tope y no hay instanciacion despues del prellenado.","Punto 234","Bajo","M"
"138","L3","Destruccion","Escombros con vida corta","Media","Pendiente","Los escombros acumulados a lo largo de una batalla larga saturan la pantalla y el presupuesto, sin aportar nada despues de los primeros segundos.","Expiracion por tiempo con hundimiento y desvanecido antes de volver al pool, para que la desaparicion no sea un salto visible.","Presentation/DebrisPool.cs","Generar escombros y contar los activos tras superar el tiempo de vida.","Los escombros expiran y vuelven al pool sin desaparecer de golpe.","Punto 137","Bajo","S"
"139","L3","Destruccion","Crateres decal en el suelo","Media","Pendiente","Las explosiones no dejan rastro. El campo de batalla se ve identico antes y despues de un combate intenso, lo que resta peso a la artilleria.","Decal proyectado en el punto de explosion con cupo maximo y reciclado del mas viejo al superarlo.","Presentation nueva con pool propio","Generar mas crateres que el cupo y contar los activos.","Se mantiene en el cupo reciclando los mas antiguos.","Punto 137","Bajo","M"
"140","L3","Destruccion","Escala del efecto segun daño","Media","Pendiente","Si todos los impactos generan el mismo efecto, un obus de tanque se siente igual que una bala de pistola y se pierde la jerarquia de armas.","Escalar tamaño e intensidad del efecto en funcion del daño del proyectil, que ya viaja en el Projectile.","Combat/Projectile.cs. Presentation/ImpactFx.cs.","Impactar con pistola y con torreta y comparar el tamaño del efecto generado.","El tamaño escala proporcionalmente con el daño.","Punto 94","Bajo","S"
"141","L3","Destruccion","Onda expansiva visible","Alta","Pendiente","El proyectil de torreta tiene radio de explosion pero la explosion no se ve. El jugador no puede aprender el alcance ni evitar el fuego amigo.","Anillo que se expande hasta el explosionRadius real y se desvanece, leyendo el radio del proyectil y no un valor duplicado.","Combat/Projectile.cs. Presentation nueva.","Comparar el radio final del anillo contra el explosionRadius del proyectil disparado.","Coinciden exactamente para distintos valores de radio.","Punto 112","Bajo","M"
"142","L3","Destruccion","Empuje de cuerpos por explosion","Media","Pendiente","La explosion aplica daño en area pero los cuerpos no reaccionan. Una granada se ve igual que un disparo puntual.","Desplazamiento de los soldados dentro del radio proporcional a la cercania al centro, con retorno al control normal de la IA.","Combat/Projectile.cs. Actors/SoldierMotor.cs.","Explotar cerca de dos soldados a distinta distancia y medir el desplazamiento de cada uno.","El mas cercano se desplaza mas y ambos recuperan el control normal.","Punto 141","Medio. Puede interferir con el pathfinding y dejar unidades fuera de la ruta.","M"
"143","L3","Destruccion","Polvo persistente en la zona","Baja","Pendiente","La explosion no altera la visibilidad, asi que no tiene consecuencia tactica mas alla del daño.","Nube breve que oscurece parcialmente la zona y se disipa, con presupuesto compartido para no acumularse.","Presentation nueva con pool","Explotar y verificar que el efecto aparece en el punto y expira.","Aparece en el punto correcto y se disipa solo.","Punto 234","Bajo","M"
"144","L3","Destruccion","Marcas de bala acumulables","Baja","Pendiente","Los impactos no dejan rastro, asi que no se puede leer donde estuvo cayendo el fuego ni ajustar la punteria por las marcas.","Decals pequeños con cupo por superficie y reciclado, servidos del mismo sistema de decals que los crateres.","Presentation nueva con pool","Disparar muchas veces contra una superficie y contar los decals activos.","No supera el cupo por superficie y recicla correctamente.","Punto 139","Bajo","M"
"145","L3","Destruccion","Props que reaccionan al tanque","Baja","Pendiente","El tanque atraviesa el escenario sin alterar nada, lo que refuerza la sensacion de que flota en vez de pesar.","Objetos livianos que se voltean al ser atropellados, detectados por proximidad y no por fisica completa.","Vehicles/VehicleMotor.cs. Presentation nueva.","Pasar el tanque sobre un prop y leer su rotacion antes y despues.","El prop cambia de orientacion al ser atropellado.","Punto 102","Bajo","M"
"146","L3","Destruccion","Chispas al rebotar en blindaje","Media","Pendiente","EnvironmentHitKind ya distingue el vehiculo pero el efecto es el mismo que contra el suelo, asi que no se percibe que el blindaje resiste.","Efecto metalico especifico para impactos contra vehiculo, distinto del polvo de tierra.","Presentation/ImpactFx.cs","Disparar a vehiculo y a suelo y comparar los efectos generados.","Los dos casos generan efectos claramente distintos.","Punto 94","Bajo","S"
"147","L3","Destruccion","Destruccion del vehiculo en dos etapas","Alta","Pendiente","OnDestroyed apaga todo y oscurece el chasis en un solo frame. La muerte del elemento mas poderoso del campo es visualmente anticlimatica.","Separar en etapa de agonia con humo y sistemas caidos y etapa de explosion final, con un intervalo entre ambas.","Vehicles/Vehicle.cs en OnDestroyed","Bajar la vida del vehiculo hasta cero y leer el estado en cada etapa y el intervalo entre ellas.","Pasa por las dos etapas en orden con el intervalo esperado.","Punto 108","Medio. Hay que definir si durante la agonia sigue siendo montable.","M"
"148","L3","Destruccion","Torreta que sale volando","Media","Pendiente","La destruccion del tanque no tiene una señal legible a distancia. En vista RTS es dificil saber si el vehiculo murio.","Desprender el cañon como objeto independiente con impulso al ejecutarse la etapa final de destruccion.","Vehicles/Vehicle.cs. Vehicles/TurretWeapon.cs.","Destruir el vehiculo y verificar que la torreta quedo separada del chasis.","La torreta se separa y queda como objeto independiente.","Punto 147","Bajo","M"
"149","L3","Destruccion","Casco quemado como cobertura","Media","Pendiente","El vehiculo destruido queda como decorado inerte. Convertirlo en cobertura le da una segunda vida tactica y premia haberlo destruido en el lugar correcto.","Mantener el collider activo tras la destruccion para que siga bloqueando proyectiles y sirva de parapeto.","Vehicles/Vehicle.cs en OnDestroyed","Destruir el vehiculo y disparar contra el casco verificando que los proyectiles impactan.","Los proyectiles siguen colisionando con el casco destruido.","Punto 147","Bajo","S"
"150","L3","Tanque","Doble capa de sonido en el cañon","Alta","Pendiente","GenericSfx produce un tono unico. Un cañon necesita al menos dos capas para sonar potente: el cuerpo grave y el crack agudo.","Reproducir dos clips simultaneos de frecuencias muy distintas al disparar la torreta, con la capa grave mas larga.","Presentation/GenericSfx.cs. Vehicles/TurretWeapon.cs.","Disparar y verificar que se reproducen dos clips distintos a la vez.","Suenan las dos capas simultaneamente.","Punto 88","Bajo","S"
"151","L3","Tanque","Sacudida de camara con direccion","Alta","Pendiente","Una vibracion aleatoria no comunica de donde vino la fuerza. El culatazo debe empujar en un sentido concreto para leerse como retroceso.","Impulso direccional opuesto al eje de disparo sumado al presupuesto global de sacudida, en vez de ruido sin direccion.","Camera/CameraRig.cs. Vehicles/TurretWeapon.cs.","Disparar en dos orientaciones distintas y comparar la direccion del desplazamiento de camara.","La direccion es opuesta al disparo en ambos casos.","Punto 180","Bajo","M"
"152","L3","Tanque","Fogonazo con luz real","Alta","Pendiente","Un destello plano pegado a la boca no ilumina nada. Una luz real transforma la percepcion de potencia, sobre todo con poca luz ambiente.","Light puntual encendida uno o dos frames al disparar, reutilizada de un pool y nunca instanciada por disparo.","Vehicles/TurretWeapon.cs. Presentation nueva.","Disparar y muestrear la intensidad de la luz en frames consecutivos.","Se enciende y se apaga en pocos frames y vuelve al pool.","Punto 234","Medio. Las luces dinamicas son caras, hay que limitar cuantas coexisten.","M"
"153","L3","Tanque","Anillo de polvo en la boca","Media","Pendiente","Disparar cerca del suelo no levanta nada, lo que quita realismo al arma mas pesada del juego.","Efecto de polvo en cono generado solo cuando la boca esta por debajo de una altura umbral respecto del terreno.","Vehicles/TurretWeapon.cs. Presentation nueva.","Disparar cerca y lejos del suelo y comparar el efecto generado.","Solo aparece cuando la boca esta cerca del suelo.","Punto 234","Bajo","M"
"154","L3","Tanque","Zoom de mira del artillero","Alta","Pendiente","El artillero usa el mismo FOV que caminando, asi que apuntar a distancia es adivinar. El zoom de mirilla existe a pie pero se desactiva a proposito en vehiculo.","Reducir el FOV al apuntar con la torreta y agregar una viñeta que enmarque la vista, reutilizando el mecanismo de SetZoomed que ya existe.","Camera/CameraRig.cs. Player/PlayerInputDriver.cs en la rama de artillero.","Activar la mira y leer el FOV de la camara, luego soltarla y verificar el retorno.","El FOV baja al valor de mira y vuelve al soltar.","Punto 109","Bajo","S"
"155","L3","Tanque","Balistica visible con caida","Media","Pendiente","El proyectil viaja recto, asi que apuntar es trivial y el tanque no exige ninguna habilidad propia.","Aplicar caida al proyectil de torreta para que describa un arco, manteniendo recto el de las armas de mano.","Combat/Projectile.cs","Registrar la altura del proyectil en varios instantes de su vuelo.","La altura describe una parabola y no una recta.","Punto 156","Medio. Cambia el balance del arma mas potente.","M"
"156","L3","Tanque","Marca de impacto previsto","Alta","Pendiente","Con balistica de arco, apuntar sin ninguna ayuda seria pura adivinanza y frustrante. La marca convierte la dificultad en habilidad aprendible.","Simular la trayectoria y marcar el punto de caida previsto, afinandose cuanto mas estable este el vehiculo.","Vehicles/TurretWeapon.cs. Presentation nueva.","Disparar al punto marcado y comparar el impacto real contra la prediccion.","El impacto cae dentro de una tolerancia estrecha del punto previsto.","Punto 155","Medio. La prediccion debe usar exactamente la misma fisica que el proyectil real.","M"
"157","L3","Tanque","Sonido de mecanismo al recargar","Media","Pendiente","El fin del cooldown de torreta es invisible y mudo. El jugador tiene que mirar el HUD para saber si ya puede disparar, justo cuando debe mirar el campo.","Clip corto reproducido exactamente al completarse el cooldown, no al iniciarlo.","Vehicles/TurretWeapon.cs en Tick","Forzar el cooldown y verificar el momento exacto de reproduccion del clip.","Suena al completarse el cooldown y no antes.","Punto 111","Bajo","S"
"158","L3","Tanque","Sobrecalentamiento del cañon","Media","Pendiente","El cooldown fijo permite disparar indefinidamente al mismo ritmo, lo que elimina toda decision sobre cuando disparar.","Acumulador de calor que sube al disparar y baja con el tiempo, aumentando el cooldown efectivo y enrojeciendo el metal.","Vehicles/TurretWeapon.cs","Disparar en rafaga sostenida midiendo el cooldown efectivo y el color en cada disparo.","El cooldown crece con el calor acumulado y el color lo refleja.","Punto 111","Medio. Cambia el balance del arma principal.","M"
"159","L3","Tanque","Camara de seguimiento del proyectil","Baja","Pendiente","El disparo mas espectacular del juego se pierde de vista apenas sale. No hay forma de apreciar el impacto a distancia.","Modo opcional que acompaña al proyectil hasta el impacto y devuelve la camara al artillero, sin quitar el control durante mas de un instante.","Camera/CameraRig.cs. Combat/Projectile.cs.","Activar el modo, disparar y verificar que la camara sigue al proyectil y vuelve al terminar.","La camara acompaña al proyectil y regresa correctamente.","Punto 155","Medio. Perder el control de camara en combate puede ser peligroso para el jugador.","M"
"160","L3","Tanque","Tipos de municion","Media","Pendiente","Un solo tipo de proyectil significa que no hay decision previa al disparo. Dos tipos crean una eleccion tactica constante.","Alternancia entre municion explosiva de area y perforante de daño concentrado, con reticulo, daño y efecto de impacto distintos.","Vehicles/TurretWeapon.cs. Combat/Projectile.cs. UI/AimUI.cs.","Alternar los dos tipos y comparar reticulo, daño aplicado y efecto de impacto.","Los dos tipos difieren en los tres aspectos.","Punto 141","Medio","L"
"161","L3","Tanque","Vibracion del chasis al disparar","Media","Pendiente","Solo se sacude la camara, asi que el disparo no se percibe desde afuera. En vista RTS un tanque disparando es indistinguible de uno quieto.","Desplazamiento breve del chasis al disparar que vuelve solo, visible tambien para observadores externos.","Vehicles/TurretWeapon.cs. Vehicles/Vehicle.cs.","Disparar y muestrear la posicion del chasis en frames sucesivos desde una camara externa.","El chasis se desplaza y vuelve a su posicion.","Punto 151","Bajo","S"
"162","L3","Impacto enemigo","Hitmarker en capas","Alta","Pendiente","Impacto, impacto critico y baja son tres sucesos con consecuencias muy distintas para la decision del jugador, y hoy producirian la misma señal.","Tres variantes claramente distintas en forma, color y sonido, elegidas segun si hubo daño, daño elevado o muerte.","UI/AimUI.cs. Presentation/GenericSfx.cs.","Generar los tres casos por separado y comparar forma, color y clip de cada uno.","Los tres casos producen señales inequivocamente distintas.","Punto 91, punto 92","Bajo","M"
"163","L3","Impacto enemigo","Numeros de daño agregados","Alta","Pendiente","Un numero por impacto satura la pantalla en combate sostenido y se vuelve ruido ilegible, que es el error clasico de este sistema.","Acumular en un unico texto creciente mientras los impactos al mismo objetivo esten proximos en el tiempo, reiniciando tras una pausa.","Presentation nueva con pool","Aplicar tres daños seguidos al mismo objetivo y contar los textos generados y el valor final.","Se genera un solo texto con la suma correcta.","Punto 19","Bajo","M"
"164","L3","Impacto enemigo","Destello blanco en el cuerpo golpeado","Alta","Pendiente","La señal mas rapida y universal de haber acertado es que el objetivo destelle. Sin ella el jugador duda de si le pego.","Cambiar brevemente el color del material del soldado golpeado y restaurarlo, cuidando de no romper el material compartido entre unidades.","Actors/Soldier.cs","Aplicar daño y muestrear el color del material en frames sucesivos hasta el retorno.","Se ilumina y vuelve exactamente al color original.","Punto 230","Medio. Si se usa instanciado por GPU hay que resolverlo por propiedad de instancia y no por material.","M"
"165","L3","Impacto enemigo","Barra de vida flotante solo al dañar","Alta","Pendiente","Mostrar todas las barras siempre es inviable con cincuenta unidades y ademas satura la pantalla. Mostrarlas solo al recibir daño da la informacion justo cuando importa.","Activar la barra del objetivo al recibir daño y ocultarla tras unos segundos sin nuevos impactos, con las barras servidas de un pool.","Presentation/HealthBarView.cs","Dañar un enemigo y leer el estado de su barra en el momento y tras el tiempo de ocultamiento.","Aparece al dañar y se oculta sola si no hay mas impactos.","Punto 231","Bajo","M"
"166","L3","Impacto enemigo","Muerte con ragdoll simple","Media","Pendiente","El soldado muerto simplemente deja de moverse. La muerte no tiene peso ni es legible a distancia.","Caida con rotacion e inercia simple, sin fisica completa, y limpieza posterior del cuerpo por presupuesto.","Actors/Soldier.cs. Ai/AiBrain.cs en el estado Dead.","Matar un enemigo y muestrear su rotacion en frames sucesivos.","La rotacion cambia progresivamente durante la caida.","Punto 234","Medio. Con muchas bajas hay que limitar cuantos cuerpos permanecen.","M"
"167","L3","Impacto enemigo","Silueta de muerte","Media","Pendiente","En una pantalla llena de accion una baja puede pasar completamente desapercibida, y esa es la informacion mas importante del combate.","Destello del contorno del enemigo al morir, breve y de alto contraste para que se lea sobre cualquier fondo.","Actors/Soldier.cs. Presentation nueva.","Matar un enemigo y verificar el efecto de contorno y su expiracion.","El contorno destella y se apaga sin dejar residuo.","Punto 164","Bajo","M"
"168","L3","Impacto enemigo","Escalado del kill feed","Alta","Pendiente","KillFeedView apila una linea por baja. Con combate masivo el feed cubre la pantalla y deja de ser legible justo cuando mas informacion hay.","Agrupar bajas proximas en el tiempo en una sola linea con contador, en vez de apilar una por cada una.","UI/KillFeedView.cs","Matar cinco enemigos casi simultaneamente y contar las lineas mostradas.","Se agrupan en una linea con contador en vez de cinco lineas.","Punto 216","Bajo","M"
"169","L3","Impacto enemigo","Racha de bajas","Media","Pendiente","No hay ninguna recompensa por encadenar bajas ni ninguna tension por perderla, que es un motor de intensidad barato y muy efectivo.","Contador de bajas consecutivas con sonido ascendente que se reinicia al recibir daño o tras una pausa larga.","UI nueva. Presentation/GenericSfx.cs.","Matar tres seguidos, recibir daño y leer el contador en cada paso.","El contador sube con cada baja y se reinicia al recibir daño.","Punto 92","Bajo","M"
"170","L3","Impacto enemigo","Camara lenta en la ultima baja","Media","Pendiente","La ultima baja de la partida es el climax y hoy es indistinguible de cualquier otra, seguida de una pantalla de victoria abrupta.","Reduccion breve de timeScale al morir el ultimo enemigo, coordinada con la pantalla de victoria para que no se solapen ni dejen el tiempo alterado.","Presentation/BattleManager.cs. Presentation/GameOutcomeController.cs.","Matar al ultimo enemigo y leer timeScale en frames sucesivos y al abrirse la pantalla final.","timeScale baja y vuelve a uno antes de mostrar la pantalla final.","Punto 81","Medio. La pantalla de fin ya fija timeScale en cero, hay que ordenar la secuencia.","M"
"171","L3","Impacto enemigo","Distinguir bajas propias de aliadas","Media","Pendiente","El feed no distingue quien hizo cada baja, asi que el jugador no puede evaluar su propio aporte ni el de la escuadra.","Diferenciar visualmente las lineas segun el atacante sea el jugador o un aliado.","UI/KillFeedView.cs","Matar un enemigo y hacer que un aliado mate otro y comparar las dos lineas.","Las dos lineas se distinguen claramente.","Punto 168","Bajo","S"
"172","L3","Impacto enemigo","Aviso de enemigo por morir","Media","Pendiente","No se puede saber si conviene gastar mas balas en un enemigo o pasar al siguiente, que es la decision mas frecuente en combate.","Parpadeo del contorno cuando la vida del enemigo baja de un umbral, visible al apuntarle.","Presentation nueva. UI/AimUI.cs.","Bajar la vida de un enemigo por debajo del umbral y leer el efecto antes y despues del cruce.","El parpadeo aparece solo por debajo del umbral.","Punto 167","Bajo","S"
"173","L3","Impacto enemigo","Reaccion sonora del enemigo","Media","Pendiente","Herir y matar suenan igual desde el lado del enemigo, asi que el audio no ayuda a distinguir el resultado del disparo.","Clip de dolor al ser herido distinto del de muerte, sujeto al limite global de voces.","Presentation/GenericSfx.cs. Combat/Health.cs.","Herir y matar un enemigo y comparar los clips reproducidos en cada caso.","Los dos casos usan clips distintos.","Punto 189","Bajo","S"
"174","L3","Impacto enemigo","Marcar al enemigo que te mato","Media","Pendiente","La secuencia de muerte muestra el cadaver propio orbitando pero no dice quien te mato, que es la informacion que el jugador mas quiere en ese momento.","Resaltar al atacante durante la camara de muerte, usando el ultimo atacante registrado en el Health.","Player/PlayerInputDriver.cs en DeathSequence. Combat/Health.cs.","Morir por un atacante conocido y verificar el resalte durante la secuencia.","El resalte cae sobre el atacante correcto.","Punto 92","Bajo","M"
"175","L3","Impacto enemigo","Aviso de bajas fuera de pantalla","Media","Pendiente","Las bajas fuera de encuadre solo llegan por el feed de texto, que se pierde entre el resto de la informacion.","Indicador breve en el borde en la direccion de la baja, sujeto al sistema de prioridad de avisos.","UI nueva vista","Matar un enemigo fuera de camara y leer la direccion del indicador.","Aparece en la direccion correcta de la baja.","Punto 216","Bajo","M"
"176","L3","Efectos de pantalla","Aberracion cromatica por daño","Media","Pendiente","El viñeteo es la unica respuesta al daño. Sumar una segunda capa que escale con la gravedad hace que estar por morir se sienta distinto de un rasguño.","Efecto de post proceso cuya intensidad escala con la vida faltante, respetando el interruptor global de efectos.","UI/DamageVignetteView.cs o post proceso","Recibir el mismo daño con vida alta y baja y comparar la intensidad alcanzada.","La intensidad es mayor con vida baja.","Punto 185","Bajo","M"
"177","L3","Efectos de pantalla","Latido con poca vida","Media","Pendiente","El estado critico de vida no tiene una presencia continua. El pulso de la barra ayuda pero exige mirar el HUD.","Pulso periodico en pantalla sincronizado con un sonido, activo solo bajo el umbral critico y detenido al recuperarse.","UI/DamageVignetteView.cs. Presentation/GenericSfx.cs.","Bajar la vida al minimo y muestrear el efecto a lo largo del tiempo, luego curar y verificar que se detiene.","El pulso es periodico bajo el umbral y se detiene al curarse.","Punto 3","Bajo","M"
"178","L3","Efectos de pantalla","Desenfoque de movimiento en el tanque","Baja","Pendiente","Sin desenfoque la alta velocidad no se percibe como tal, sobre todo con un terreno de pocos detalles.","Desenfoque aplicado solo por encima de un umbral de velocidad y sujeto al interruptor global de efectos.","Camera/CameraRig.cs o post proceso","Comparar el efecto a velocidad baja y alta.","Solo se activa por encima del umbral de velocidad.","Punto 185","Bajo","M"
"179","L3","Efectos de pantalla","Sacudida por explosion cercana","Alta","Pendiente","Las explosiones no se sienten fuera de su radio de daño, asi que una granada que cae al lado no produce ninguna reaccion.","Sacudida cuya amplitud decae con la distancia al punto de explosion, con tope maximo para no marear.","Camera/CameraRig.cs. Combat/Projectile.cs.","Explotar a dos distancias distintas y comparar la amplitud de la sacudida.","La amplitud decae con la distancia y nunca supera el tope.","Punto 180","Bajo","M"
"180","L3","Efectos de pantalla","Presupuesto unico de sacudida","Alta","Pendiente","Multiples fuentes de sacudida sumandose sin control pueden volver la camara injugable en un combate intenso, que es el momento en que menos se puede permitir.","Un unico sistema que reciba todos los impulsos, los sume y los limite a un maximo, en vez de que cada sistema escriba la camara por su cuenta.","Camera/CameraRig.cs","Disparar diez fuentes de sacudida simultaneas y medir la amplitud total resultante.","Nunca supera el tope definido por mas fuentes que se sumen.","Ninguna","Medio. Requiere que todos los sistemas de sacudida pasen por el mismo punto.","M"
"181","L3","Efectos de pantalla","Destello y sordera por explosion muy cercana","Media","Pendiente","Una explosion a quemarropa produce el mismo efecto que una lejana, lo que desperdicia un momento de maxima intensidad.","Destello breve mas filtrado del audio cuando la explosion ocurre muy cerca, con recuperacion progresiva.","Camera/CameraRig.cs. Mezclador de audio.","Explotar muy cerca del jugador y verificar los dos efectos y su recuperacion.","Se activan juntos y se recuperan progresivamente.","Punto 186","Bajo","M"
"182","L3","Efectos de pantalla","Viñeta de velocidad","Baja","Pendiente","La velocidad del vehiculo no altera el encuadre, lo que le resta intensidad a conducir rapido.","Viñeta que se cierra progresivamente con la velocidad, sujeta al interruptor global de efectos.","Camera/CameraRig.cs","Acelerar y comparar la viñeta a velocidad cero y maxima.","La viñeta se cierra proporcionalmente con la velocidad.","Punto 185","Bajo","S"
"183","L3","Efectos de pantalla","Balanceo al caminar","Media","Pendiente","El movimiento en primera persona es perfectamente plano, lo que hace que caminar se sienta como deslizarse.","Oscilacion sutil de camara mientras el soldado se mueve, detenida al quedarse quieto y desactivable por accesibilidad.","Camera/CameraRig.cs. Player/PlayerInputDriver.cs.","Caminar y muestrear la posicion de camara, luego detenerse y volver a muestrear.","Hay oscilacion periodica al moverse y ninguna al estar quieto.","Punto 185","Bajo","S"
"184","L3","Efectos de pantalla","Desenfoque en la transicion de modo","Media","Pendiente","El cambio de proyeccion entre perspectiva y ortografica no se puede interpolar, asi que siempre habra un salto que conviene enmascarar.","Flash o desenfoque breve que cubre el frame del cambio, sincronizado con la transicion de camara.","Camera/CameraRig.cs. Player/PlayerInputDriver.cs.","Alternar modo y verificar el efecto durante el frame de cambio y su expiracion.","El efecto cubre el cambio y se apaga solo.","Punto 34","Bajo","M"
"185","L3","Efectos de pantalla","Interruptor de efectos de camara","Alta","Pendiente","Sacudidas, desenfoques y balanceos provocan malestar en parte de los jugadores y ademas cuestan rendimiento. Debe poder apagarse todo junto.","Opcion unica que desactiva sacudida, balanceo, desenfoque y viñetas, consultada por todos los sistemas de efectos.","Presentation/PauseController.cs. Camera/CameraRig.cs.","Desactivar la opcion y verificar que ninguno de los efectos se aplica en sus disparadores habituales.","Con la opcion apagada no hay sacudida, balanceo ni viñetas.","Punto 180","Bajo","M"
"186","L3","Audio","Mezclador con canales separados","Alta","Pendiente","Todo el audio se reproduce sin agrupar, asi que el slider de volumen actual afecta al AudioListener entero. No se puede bajar los efectos sin bajar tambien la interfaz.","AudioMixer con grupos de maestro, efectos, interfaz y ambiente, con cada AudioSource asignado a su grupo y un slider por grupo.","Presentation/GenericSfx.cs. Presentation/PauseController.cs.","Cambiar el volumen de un grupo y verificar que los otros grupos mantienen su nivel.","Los grupos son independientes entre si.","Punto 46","Bajo. Es la base de casi todo el resto del bloque de audio.","M"
"187","L3","Audio","Atenuacion por distancia","Alta","Pendiente","Los sonidos se reproducen al mismo volumen sin importar la distancia. Un disparo a cien metros suena igual que uno al lado, lo que destruye toda nocion espacial.","Configurar los AudioSource como 3D con curva de atenuacion por distancia, y filtrar frecuencias altas a mayor distancia.","Presentation/GenericSfx.cs y todos los puntos de reproduccion","Reproducir el mismo disparo a dos distancias y comparar el volumen percibido.","El volumen decae con la distancia segun la curva definida.","Punto 186","Bajo","M"
"188","L3","Audio","Reverberacion segun entorno","Baja","Pendiente","Todos los espacios suenan igual, asi que el audio no aporta informacion sobre donde estas.","Zonas de reverberacion o ajuste de cola segun proximidad a geometria.","Mezclador de audio","Disparar en espacio abierto y junto a un obstaculo y comparar la cola del sonido.","La cola es mas larga junto a superficies.","Punto 186","Bajo","M"
"189","L3","Audio","Limite de voces simultaneas","Alta","Pendiente","Con cincuenta soldados disparando el audio se satura y se vuelve ruido blanco, ademas de costar mucho. Es un problema garantizado al escalar.","Sistema central de reproduccion con limite de voces que descarta por prioridad y distancia, en vez de que cada sistema reproduzca por su cuenta.","Presentation/GenericSfx.cs. Punto central de reproduccion nuevo.","Disparar cincuenta fuentes simultaneas y contar los AudioSource efectivamente activos.","Nunca supera el limite y descarta las menos prioritarias.","Punto 186","Medio. Exige centralizar toda reproduccion de audio.","M"
"190","L3","Audio","Ducking al disparar el tanque","Media","Pendiente","El cañon compite en la mezcla con cincuenta rifles. Sin ducking el disparo mas potente se pierde entre el resto.","Reduccion momentanea del grupo de efectos al disparar la torreta, con recuperacion rapida.","Mezclador de audio. Vehicles/TurretWeapon.cs.","Disparar el tanque y muestrear el volumen del grupo de efectos antes, durante y despues.","El grupo baja al disparar y se recupera.","Punto 186","Bajo","S"
"191","L3","Audio","Variacion de tono por instancia","Media","Pendiente","El mismo clip repetido identicamente muchas veces por segundo produce un efecto artificial de ametralladora de clones.","Variacion aleatoria pequeña de pitch en cada reproduccion, aplicada en el punto central de reproduccion.","Punto central de reproduccion","Reproducir el mismo clip diez veces y comparar los pitch aplicados.","Los pitch difieren dentro del rango definido.","Punto 189","Bajo","S"
"192","L3","Audio","Colas de impacto por material","Media","Pendiente","El impacto suena igual contra metal, tierra o piedra, desaprovechando que EnvironmentHitKind ya distingue el material.","Clip distinto por EnvironmentHitKind, aprovechando la clasificacion que ya existe en el evento.","Presentation/GenericSfx.cs. Combat/Projectile.cs.","Impactar los tres materiales y comparar los clips reproducidos.","Los tres usan clips distintos.","Punto 94","Bajo","S"
"193","L3","Audio","Audio posicional real","Alta","Pendiente","Sin panorama estereo no se puede ubicar de donde viene el fuego, que es una de las principales fuentes de informacion en un shooter.","AudioSource espacializados de modo que el panorama corresponda a la posicion relativa a la camara.","Punto central de reproduccion","Disparar desde la izquierda y desde la derecha y comparar el balance estereo.","El balance corresponde a la posicion real de la fuente.","Punto 187","Bajo","S"
"194","L3","Audio","Silbido de bala cercana","Media","Pendiente","Las balas que pasan cerca no producen nada, asi que estar bajo fuego sin ser alcanzado no se percibe. Se pierde toda la tension del fuego de supresion.","Detectar el paso de un proyectil enemigo dentro de un radio del jugador y reproducir un silbido, con limite para no saturar en fuego intenso.","Combat/Projectile.cs. Punto central de reproduccion.","Pasar un proyectil dentro y fuera del radio y verificar el sonido en cada caso.","Solo suena dentro del radio y respeta el limite de repeticion.","Punto 189","Bajo","M"
"195","L3","Audio","Voces de la escuadra","Media","Pendiente","Las ordenes no tienen respuesta audible de la tropa, lo que hace que dar ordenes se sienta como mover piezas y no como comandar gente.","Confirmacion sonora al recibir orden, una por lote y no por soldado, coherente con la correccion del sonido duplicado.","Player/OrderService.cs. Punto central de reproduccion.","Dar una orden a varios soldados y contar las confirmaciones reproducidas.","Suena una confirmacion por lote de orden.","Punto 122","Bajo","S"
"196","L3","Audio","Musica dinamica por intensidad","Baja","Pendiente","No hay musica, asi que no hay ningun arco de tension a lo largo de la partida.","Capas de musica cuyo nivel sube con la cantidad de enemigos activos cerca, con transiciones suaves.","Mezclador de audio. Presentation/BattleManager.cs.","Variar la cantidad de enemigos cercanos y muestrear el nivel de cada capa.","El nivel sigue a la cantidad de enemigos con transiciones suaves.","Punto 186","Bajo","L"
"197","L3","Audio","Silencio tactico","Baja","Pendiente","Los momentos importantes no tienen ninguna preparacion sonora, asi que llegan sin peso dramatico.","Caida breve del nivel general justo antes de un momento clave, como la ultima baja, coordinada con la camara lenta.","Mezclador de audio. Presentation/BattleManager.cs.","Disparar el momento clave y muestrear el volumen en los instantes previos.","Hay una caida breve de nivel antes del golpe.","Punto 170","Bajo","M"
"198","L3","Ergonomia","Acciones frecuentes bajo la mano izquierda","Alta","Pendiente","Las teclas de funcion para poseer obligan a soltar la posicion de movimiento en pleno combate. Es el peor error ergonomico del esquema actual y afecta a la accion mas caracteristica del juego.","Reubicar todos los atajos frecuentes dentro del alcance de la mano izquierda apoyada en la posicion de movimiento, dejando las teclas lejanas solo para acciones de menu.","Player/PlayerInputDriver.cs. Documentacion de controles.","Listar todos los atajos y su posicion fisica en el teclado y verificar el alcance sin mover la mano.","Ningun atajo frecuente queda fuera de la zona alcanzable.","Ninguna","Medio. Cambiar atajos ya aprendidos tiene costo, conviene hacerlo antes de sumar mas.","M"
"199","L3","Ergonomia","Ciclar posesion con teclas cercanas","Alta","Pendiente","Cambiar de soldado es la mecanica distintiva del juego y hoy es el gesto mas incomodo de ejecutar.","Ciclo hacia adelante y atras en teclas contiguas a la posicion de movimiento, reemplazando la seleccion por indice como metodo principal.","Player/PlayerInputDriver.cs","Ejecutar el ciclo con la mano en posicion de movimiento y verificar el cambio de poseido.","El ciclo funciona sin mover la mano de la posicion de movimiento.","Punto 131, punto 198","Bajo","S"
"200","L3","Ergonomia","Modificador consistente","Alta","Pendiente","Si encolar ordenes, sumar a la seleccion y correr usan modificadores distintos, el jugador tiene que memorizar tres reglas en vez de una.","Un unico modificador para todas las variantes aditivas de accion, aplicado de forma uniforme.","Player/PlayerInputDriver.cs","Probar las tres acciones con el mismo modificador y verificar que todas responden.","Las tres responden al mismo modificador de forma coherente.","Punto 115, punto 198","Bajo","S"
"201","L3","Ergonomia","Separar entrar y salir de vehiculo","Media","Pendiente","Una sola tecla hace interactuar, montar y equipar segun el contexto. Cuando el contexto es ambiguo se ejecuta la accion equivocada.","Separar interaccion contextual de la accion de subir y bajar del vehiculo en dos teclas distintas.","Player/PlayerInputDriver.cs en UpdateFps y UpdateInVehicle","Ejecutar interaccion y entrada al vehiculo en un punto donde ambas serian validas y verificar que no se pisan.","Cada tecla ejecuta solo su accion sin ambiguedad.","Punto 198","Bajo","S"
"202","L3","Ergonomia","Recentrar camara con la barra espaciadora","Media","Pendiente","Recentrar es de las acciones mas repetidas en vista tactica y hoy no tiene atajo. La tecla mas grande y accesible esta sin usar.","Asignar el recentrado a la tecla mas accesible del teclado.","Player/PlayerInputDriver.cs","Ejecutar y comparar la posicion de camara contra el centroide de la escuadra.","La camara queda sobre la escuadra al pulsar.","Punto 70","Bajo","S"
"203","L3","Ergonomia","Convenciones estandar de recarga y camara","Media","Pendiente","Usar teclas no convencionales para acciones universales obliga a desaprender habitos ya formados, lo que genera errores en momentos de presion.","Adoptar las teclas convencionales del genero para recargar y alternar camara.","Player/PlayerInputDriver.cs","Ejecutar cada tecla y verificar que hace lo que el jugador esperaria por convencion.","Coinciden con la convencion establecida del genero.","Punto 16","Bajo","S"
"204","L3","Ergonomia","Grupos en teclas numericas sin modificador","Alta","Pendiente","Si recuperar un grupo exige modificador se pierde toda la ventaja de velocidad, que es la unica razon de existir de los grupos de control.","Recuperacion directa con la tecla numerica y asignacion con modificador, que es el estandar universal del genero.","Player/PlayerInputDriver.cs","Asignar un grupo con modificador y recuperarlo sin modificador comparando los ids.","La recuperacion funciona sin modificador y la asignacion con el.","Punto 124","Bajo","S"
"205","L3","Ergonomia","Evitar combinaciones de dos manos en combate","Media","Pendiente","Cualquier atajo que exija dos modificadores es imposible de ejecutar mientras se apunta con el mouse y se mueve con la izquierda.","Auditar la tabla de atajos y garantizar que ninguna accion de combate requiera mas de un modificador.","Player/PlayerInputDriver.cs","Revisar la tabla completa de atajos de combate y contar los modificadores de cada uno.","Ningun atajo de combate usa mas de un modificador.","Punto 198","Bajo","S"
"206","L3","Ergonomia","Cambio de arma con la rueda","Media","Pendiente","Cambiar de arma exige alcanzar las teclas numericas, que estan lejos de la posicion de movimiento.","Ciclo de armas con la rueda del mouse manteniendo tambien el acceso directo por numero.","Player/PlayerInputDriver.cs en UpdateFps","Girar la rueda en ambos sentidos y verificar el arma equipada en cada paso.","El arma cambia en orden estable con cada giro.","Punto 198","Bajo. Cuidado de no colisionar con el zoom que ya usa la rueda en RTS.","S"
"207","L3","Ergonomia","Mantener contra tocar","Media","Pendiente","Cada accion consume una tecla distinta, y el teclado accesible es limitado. Distinguir pulsacion corta de larga duplica la capacidad sin sumar teclas.","Detectar duracion de pulsacion para ofrecer dos acciones relacionadas en la misma tecla, como cambiar de modo o espiar el mapa.","Player/PlayerInputDriver.cs","Simular pulsacion corta y larga y verificar que cada una ejecuta su accion.","Cada duracion produce su accion correspondiente sin ambiguedad.","Punto 198","Medio. Introduce latencia perceptible si se implementa mal.","M"
"208","L3","Ergonomia","Remapeo completo","Media","Pendiente","Los atajos estan cableados en el codigo. Ningun jugador con necesidades distintas puede adaptarlos.","Configuracion de teclas persistida con deteccion de conflictos al asignar, apoyada en el sistema de entrada nuevo que ya usa el proyecto.","Player/PlayerInputDriver.cs. Presentation/PauseController.cs.","Asignar una tecla ya usada por otra accion y verificar el aviso y que no se guarda.","Se detecta el conflicto y la asignacion no se aplica.","Punto 46","Medio. Requiere sacar las teclas del codigo a una configuracion.","L"
"209","L3","Ergonomia","Cartel de controles contextual","Alta","Pendiente","El cartel actual mezcla atajos que no siempre aplican. Si lista teclas que no hacen nada en ese estado, entrena al jugador a ignorarlo por completo.","Generar el cartel desde la misma tabla de atajos que usa la entrada, filtrando por el estado actual, para que nunca puedan desincronizarse.","UI/InstructionBannerView.cs. Player/PlayerInputDriver.cs.","Leer el cartel en cada estado y contrastar cada tecla listada contra el codigo que la maneja en ese estado.","Muestra solo los atajos que realmente funcionan en el estado actual.","Punto 36, punto 208","Medio","M"
"210","L3","Control a escala","Formaciones seleccionables","Alta","Pendiente","Con cincuenta unidades mandarlas todas al mismo punto produce un amontonamiento inmanejable. La formacion es lo que hace jugable el control masivo.","Patrones de linea, cuña y columna que reparten los destinos alrededor del punto ordenado, elegibles por el jugador.","Player/OrderService.cs. Player/PlayerInputDriver.cs.","Aplicar cada formacion al mismo grupo y comparar los patrones de destino generados.","Cada formacion produce un patron geometrico distinto y reconocible.","Punto 117","Medio","L"
"211","L3","Control a escala","Dibujar la formacion arrastrando","Media","Pendiente","Sin control de orientacion la formacion siempre mira igual, lo que impide preparar un frente hacia una direccion concreta.","Usar la direccion del arrastre al ordenar para definir la orientacion del grupo formado.","Player/PlayerInputDriver.cs en UpdateRts","Arrastrar en dos direcciones distintas y comparar la orientacion resultante de la formacion.","La orientacion sigue la direccion del arrastre.","Punto 210","Medio","M"
"212","L3","Control a escala","Posturas de combate","Alta","Pendiente","La IA siempre reacciona igual: detecta y persigue. No hay forma de pedirle que aguante la posicion o que no dispare, que son ordenes basicas de cualquier tactica.","Estados de postura por unidad o grupo que modifican el umbral de deteccion y la decision de perseguir en el AiBrain.","Ai/AiBrain.cs. Player/OrderService.cs.","Fijar cada postura y verificar el comportamiento ante un enemigo detectado.","La IA responde de forma distinta y coherente en cada postura.","Punto 120","Medio. Toca la maquina de estados central de la IA.","L"
"213","L3","Control a escala","Ordenes desde el minimapa","Alta","Pendiente","Ordenar exige llevar la camara al destino, lo que hace imposible coordinar dos frentes a la vez.","Convertir la posicion del click en el minimapa a coordenada de mundo y emitir la orden sin mover la camara.","UI/MinimapFollow.cs. Player/PlayerInputDriver.cs.","Ordenar desde el minimapa y comparar el destino resultante contra el punto de mundo equivalente.","El destino corresponde exactamente al punto del minimapa.","Punto 25","Medio","M"
"214","L3","Control a escala","Seleccion por tipo en pantalla","Media","Pendiente","Con muchas unidades seleccionar por arrastre es impreciso. Filtrar por rol es la forma rapida de armar un subgrupo util.","Comando que selecciona todos los de un rol visibles en el encuadre actual.","Player/SelectionController.cs. Player/PlayerInputDriver.cs.","Ejecutar el comando y verificar el rol y la visibilidad de los seleccionados.","Todos comparten rol y estan dentro del encuadre.","Punto 31","Bajo","M"
"215","L3","Control a escala","Tarjetas de grupo persistentes","Media","Pendiente","Con varios grupos activos no hay forma de ver su estado sin seleccionarlos uno por uno.","Barras compactas por grupo con vida agregada y cantidad de integrantes vivos, actualizadas por evento.","UI nueva. Player/SelectionController.cs.","Crear varios grupos y leer las tarjetas comparando la vida agregada contra la suma real.","Hay una tarjeta por grupo con datos correctos.","Punto 124","Bajo","M"
"216","L3","Control a escala","Alerta priorizada","Alta","Pendiente","Muchos de los avisos propuestos compiten por el mismo espacio. Sin una cola con prioridad se pisan entre si y el jugador termina sin ver ninguno.","Cola central de notificaciones con prioridad y supresion de duplicados, por la que pasan todos los avisos del juego.","UI nueva. Todas las vistas que emiten avisos.","Generar diez avisos simultaneos de distinta prioridad y leer cuales se muestran.","Se muestran los prioritarios sin saturar la pantalla.","Ninguna. Es prerequisito de muchos otros puntos.","Medio","M"
"217","L3","Control a escala","Orden de retirada","Media","Pendiente","No hay forma de sacar rapido a la tropa de una posicion comprometida. Retroceder exige elegir destino a mano bajo presion.","Comando que envia a los seleccionados al punto seguro mas cercano, calculado por distancia a enemigos.","Player/OrderService.cs","Ejecutar y comparar el destino asignado contra el punto seguro mas proximo calculado.","El destino es el punto seguro mas cercano disponible.","Punto 212","Medio","M"
"218","L3","Control a escala","Vista previa de la ruta","Media","Pendiente","La ruta solo se conoce cuando la unidad ya empezo a caminarla, y para entonces puede haber cruzado una zona peligrosa.","Mostrar la ruta calculada mientras se mantiene el boton, antes de confirmar la orden.","Presentation nueva. Ai/AiBrain.cs.","Mantener el boton y verificar que la linea de ruta aparece antes de soltar.","La ruta se muestra antes de confirmar y se descarta al cancelar.","Punto 118, punto 226","Medio","M"
"219","L3","Control a escala","Reagrupar dispersos","Media","Pendiente","Tras un combate la tropa queda desparramada y volver a juntarla exige seleccionar y ordenar manualmente varias veces.","Comando que calcula un punto de reunion y ordena a todos los seleccionados converger a el en formacion.","Player/OrderService.cs","Dispersar la escuadra, ejecutar el comando y medir la dispersion resultante.","La dispersion baja significativamente tras el reagrupamiento.","Punto 210","Bajo","M"
"220","L3","Control a escala","Seleccionar solo los heridos","Baja","Pendiente","Retirar a los heridos exige identificarlos visualmente uno por uno, que es inviable con muchas unidades.","Filtro de seleccion por umbral de vida aplicado sobre la seleccion actual o sobre toda la escuadra.","Player/SelectionController.cs","Herir a dos soldados, ejecutar el filtro y leer los seleccionados.","Solo quedan seleccionados los que estan por debajo del umbral.","Punto 214","Bajo","S"
"221","L3","Control a escala","Historial de ordenes","Baja","Pendiente","Con muchas ordenes en curso es facil perder la cuenta de que se le pidio a cada grupo.","Panel con las ultimas ordenes emitidas y su destinatario, alimentado desde OrderService.","UI nueva. Player/OrderService.cs.","Dar tres ordenes distintas y leer el panel verificando el orden cronologico.","Muestra las ultimas ordenes en orden correcto.","Punto 216","Bajo","M"
"222","L3","Performance","Sacar FindObjectsByType del bucle","Critica","Pendiente","WorldSimulationDriver.Update llama FindObjectsByType tres veces por frame, para VehicleBrain, TurretWeapon y TurretAI. Ese metodo recorre toda la escena y es de los mas costosos del motor. A sesenta frames por segundo son ciento ochenta barridos completos por segundo, y el costo crece con cada objeto que se agregue a la escena. Es el cuello de botella mas grave del proyecto hoy.","Mantener listas cacheadas de los tres tipos, pobladas al construir la escena y actualizadas al aparecer o destruirse un vehiculo, en vez de redescubrirlas cada frame.","Ai/WorldSimulationDriver.cs. Vehicles/Vehicle.cs para el alta y baja.","Instrumentar las llamadas y contarlas durante cien frames antes y despues del cambio. Medir tambien el tiempo de Update.","Cero llamadas a FindObjectsByType por frame y caida medible del tiempo de Update.","Ninguna. Es prerequisito de todo el trabajo a escala.","Bajo de implementar y muy alto de impacto. El riesgo es olvidar dar de baja objetos destruidos y dejar referencias muertas.","M"
"223","L3","Performance","Cachear AiBrain en el Soldier","Critica","Pendiente","El bucle hace GetComponent de AiBrain por cada soldado en cada frame. Con cincuenta unidades son tres mil llamadas por segundo a una operacion que devuelve siempre lo mismo.","Guardar la referencia al AiBrain en el Bootstrap del Soldier, junto a las de Health, Motor y Weapon que ya se cachean ahi. El patron ya existe en el codigo, solo falta aplicarlo a este componente.","Actors/Soldier.cs. Ai/WorldSimulationDriver.cs.","Instrumentar y contar las llamadas a GetComponent durante cien frames con cincuenta unidades.","Cero llamadas a GetComponent dentro del bucle de simulacion.","Punto 222","Muy bajo. Es exactamente el mismo patron ya usado para los otros componentes.","S"
"224","L3","Performance","IA repartida en el tiempo","Critica","Pendiente","Toda la IA se procesa cada frame para cada unidad. Con cincuenta o mas unidades el costo por frame se vuelve insostenible, y la mayoria de las decisiones no necesitan revisarse sesenta veces por segundo.","Repartir las unidades en grupos y procesar solo un grupo por frame, manteniendo el movimiento suave por frame y difiriendo solo la toma de decisiones y el sensado.","Ai/WorldSimulationDriver.cs. Ai/AiBrain.cs.","Medir el tiempo de Update con cincuenta unidades antes y despues, y verificar que el comportamiento observable no cambia.","El costo por frame baja proporcionalmente al reparto sin degradar el comportamiento.","Punto 222, punto 223","Medio. Repartir mal produce reacciones tardias o movimiento a tirones.","L"
"225","L3","Performance","Grilla espacial para el sensado","Critica","Pendiente","ActorRegistry.FindNearest recorre linealmente toda la lista de soldados. Cada unidad que busca enemigos consulta a todas las demas, asi que el costo crece con el cuadrado del numero de unidades. Con cincuenta contra cincuenta son miles de comparaciones por tick, y varios puntos del backlog dependen de esta misma consulta.","Grilla de celdas espaciales que indexe a los soldados por posicion, de modo que la busqueda de cercania solo recorra las celdas vecinas en vez de toda la lista.","Core/ActorRegistry.cs","Contar las comparaciones por tick con diez, veinticinco y cincuenta unidades y verificar que la curva deja de ser cuadratica.","El conteo de comparaciones deja de crecer cuadraticamente con las unidades.","Punto 222","Medio. Hay que mantener la grilla actualizada al moverse las unidades sin que esa actualizacion cueste mas que la busqueda.","L"
"226","L3","Performance","Grafo de waypoints estandarizado","Alta","Pendiente","Cada AiBrain guarda su propia copia de la ruta como un arreglo de posiciones. Con muchas unidades eso duplica memoria y hace imposible compartir o recalcular rutas de forma centralizada.","Grafo de waypoints unico de la escena, con las unidades guardando indices al grafo en vez de copias de puntos. Habilita ademas rutas compartidas y recalculo global.","Ai/AiBrain.cs. Estructura de grafo nueva. Editor/HeadlessTestRunner.cs.","Verificar que las rutas referencian el grafo compartido y medir la memoria usada con cincuenta unidades.","No hay duplicacion de puntos por unidad y las rutas se resuelven por indice.","Punto 227","Medio. Cambia como se definen las rutas en la construccion de escena.","L"
"227","L3","Performance","Campos de flujo para movimiento masivo","Alta","Pendiente","Si cada unidad calcula su propia ruta al mismo destino, se repite el mismo trabajo cincuenta veces. Es el problema clasico del movimiento masivo en RTS.","Calcular un unico campo de direcciones hacia el destino compartido y que cada unidad solo lea la direccion de su celda, convirtiendo el costo por unidad en una consulta trivial.","Sistema de navegacion nuevo. Ai/AiBrain.cs.","Medir el costo de ordenar movimiento a cincuenta unidades hacia el mismo destino antes y despues.","El costo no escala linealmente con la cantidad de unidades.","Punto 226","Alto. Es el cambio estructural mas grande del backlog.","XL"
"228","L3","Performance","Evitacion entre unidades","Alta","Pendiente","No hay ninguna separacion entre soldados. Se atraviesan entre si y se amontonan en el mismo punto, lo que ademas hace que la formacion del punto 117 no se sostenga al llegar.","Separacion local barata basada en la grilla espacial, que empuja a las unidades demasiado proximas sin recalcular rutas.","Actors/SoldierMotor.cs. Core/ActorRegistry.cs.","Mover cincuenta unidades al mismo punto y medir la distancia minima entre todos los pares al estabilizarse.","Ningun par queda por debajo de la distancia minima definida.","Punto 225","Medio. Mal calibrado produce empujones perpetuos o unidades trabadas.","L"
"229","L3","Performance","Pool de proyectiles dimensionado","Alta","Pendiente","ProjectilePool prellena veinticuatro proyectiles. Con cadencia sostenida y cincuenta unidades disparando eso se agota en el primer segundo, y cada agotamiento provoca instanciacion en pleno combate.","Dimensionar el prellenado en funcion de la cantidad de unidades y la cadencia esperada, y registrar un aviso cuando el pool se agote para detectar el problema en desarrollo.","Combat/ProjectilePool.cs","Disparar en rafaga masiva y leer FreeCount y la cantidad de instanciaciones ocurridas.","El pool no se agota y no hay instanciacion durante el combate.","Punto 90","Bajo","S"
"230","L3","Performance","Instanciado por GPU de soldados","Media","Pendiente","Cada soldado es un objeto con su propio material y draw call. Cincuenta unidades multiplican el costo de render sin aportar variedad visual.","Instanciado por GPU para los cuerpos identicos, con los colores por equipo resueltos como propiedades de instancia.","Actors/Soldier.cs. Materiales.","Medir la cantidad de draw calls con cincuenta soldados antes y despues del cambio.","Los draw calls bajan drasticamente para la misma cantidad de unidades.","Punto 164","Medio. El destello por daño debe pasar a propiedad de instancia o dejara de funcionar.","L"
"231","L3","Performance","LOD de UI del mundo","Alta","Pendiente","Barras de vida, anillos e indicadores tienen su propio LateUpdate y se actualizan siempre, esten o no visibles. Con cincuenta unidades y varios elementos por unidad son cientos de actualizaciones por frame invisibles para el jugador.","Desactivar los elementos de UI de mundo fuera de un radio y fuera del encuadre de camara, reevaluado a intervalo y no por frame.","Presentation/HealthBarView.cs. Presentation/SelectionRingFx.cs. Presentation/MinimapIcon.cs.","Alejar la camara y contar los elementos con actualizacion activa antes y despues.","Los elementos lejanos o fuera de encuadre dejan de actualizarse.","Punto 222","Bajo","M"
"232","L3","Performance","Reciclar anillos de seleccion","Alta","Pendiente","SelectionRingManager destruye y crea GameObjects en cada cambio de seleccion. Seleccionar y deseleccionar repetidamente con muchas unidades genera basura constante y tirones del recolector.","Pool de anillos reutilizados, activando y desactivando en vez de crear y destruir.","Presentation/SelectionRingManager.cs. Presentation/SelectionRingFx.cs.","Cambiar la seleccion muchas veces seguidas y contar las instanciaciones y destrucciones ocurridas.","Cero instanciaciones despues del llenado inicial del pool.","Punto 137","Bajo","M"
"233","L3","Performance","Iconos de minimapa por lote","Media","Pendiente","Cada MinimapIcon tiene su propio LateUpdate que reposiciona un cilindro. Con cincuenta unidades son cincuenta actualizaciones por frame para dibujar puntos de colores.","Un unico actualizador que reposicione todos los iconos, idealmente sobre un mesh procedural unico en vez de un objeto por unidad.","Presentation/MinimapIcon.cs","Contar los componentes con LateUpdate activo con cincuenta unidades antes y despues.","Un solo actualizador para todos los iconos.","Punto 231","Bajo","M"
"234","L3","Performance","Presupuesto global de efectos","Alta","Pendiente","Muchos de los efectos propuestos en este backlog generan objetos. Sin un tope global, un combate intenso puede disparar cientos simultaneos y hundir el rendimiento justo en el momento de mayor exigencia.","Presupuesto unico de particulas, escombros y decals que descarte lo menos importante al saturarse, por el que pasen todos los sistemas de efectos.","Sistema central de efectos nuevo. Todas las vistas de efectos.","Saturar de efectos simultaneos y contar los activos comparando contra el tope.","Nunca supera el tope definido y prioriza los mas relevantes.","Punto 137","Medio. Exige que todos los efectos pasen por el mismo sistema.","L"
"235","L3","Performance","Panel de diagnostico en vivo","Alta","Pendiente","Sin medicion no hay forma de saber si una mejora degrado el rendimiento ni de detectar la degradacion antes de que sea visible como tirones.","Panel activable con fotogramas por segundo, unidades activas, proyectiles en vuelo, efectos en curso y ocupacion de los pools.","UI nueva. Todos los sistemas con pool.","Activar el panel y comparar cada numero mostrado contra el estado real consultado por separado.","Los valores coinciden exactamente con el estado real de la escena.","Punto 229, punto 234","Bajo. Es la herramienta que valida todo el resto del bloque.","M"
